link,upload,duration,views,likes,comments,resend,saves,description
https://www.tiktok.com/@ness_opo/video/7250477765198269701,2023-06-30 16:56:47,62,735000,82800,282,1033,17000,#ğŸ§ #headphones #aveeplayer #funk #brazilian #foryou #typ #à¸­à¸¢à¹ˆà¸²à¸›à¸´à¸”à¸à¸²à¸£à¸¡à¸­à¸‡à¹€à¸«à¹‡à¸™ #à¸Ÿà¸µà¸” #à¸Ÿà¸µà¸”à¸”à¸”à¸”à¸”à¸”à¸”à¸”à¸”à¸”ğŸ¥º #slowed #bassboosong #musica #phonk #viral #tending #sdx_bass #top #brazil #TikTok @TikTok 
https://www.tiktok.com/@ness_opo/video/7240103078593121541,2023-06-02 17:57:42,23,421700,33700,307,1128,5443,ğŸ§ğŸ’€ğŸ˜ˆ#phonk #TikTok #fyp #parati #phonk_music #foryoupage #aveeplayer @tiktok 
https://www.tiktok.com/@ness_opo/video/7242939914210299141,2023-06-10 09:26:05,33,1600000,129100,902,3559,20600,ğŸ§ğŸ˜ˆğŸ‘#best #song #bassboosted #speedsongs #music #songs #top #brazil #sdx_bass #tending #viral #foryou #aveeplayer #phonk #headphones #TikTok #slowed #musica #funk #brazilian @TikTok en espaÃ±ol @TikTok 
https://www.tiktok.com/@ness_opo/video/7304070378995928326,2023-11-22 03:03:33,61,4309,106,2,0,13,#NestğŸ§ğŸµ #ğŸ§ #ness_opo #aveeplay #splinterwolf #aot 
https://www.tiktok.com/@ness_opo/video/7303693617539878150,2023-11-21 02:41:30,65,2944,235,1,2,31,#NestğŸ§ğŸµ #ğŸ§ #ness_opo #aveeplay #aot #splinterwolf 
https://www.tiktok.com/@ness_opo/video/7303315187111644421,2023-11-20 02:13:01,57,2627,45,0,1,1,#NestğŸ§ğŸµ #ğŸ§ #ness_opo #aveeplay #aot #splinterwolf 
https://www.tiktok.com/@ness_opo/video/7303161840991849733,2023-11-19 16:17:55,65,48,2,0,0,0,#NestğŸ§ğŸµ #ğŸ§ #ness_opo #aveeplay #aot #splinterwolf 
https://www.tiktok.com/@ness_opo/video/7302981814233074949,2023-11-19 04:39:20,60,2079,161,5,1,30,#NestğŸ§ğŸµ #ğŸ§ #ness_opo #aveeplay #aot 
https://www.tiktok.com/@ness_opo/video/7302795154736319749,2023-11-18 16:34:59,29,963,153,1,0,20,#NestğŸ§ğŸµ #ğŸ§ #ness_opo #aot #aveeplay 
https://www.tiktok.com/@ness_opo/video/7302360830236970245,2023-11-17 12:29:35,51,330,44,1,0,5,
https://www.tiktok.com/@ness_opo/video/7302297325207031046,2023-11-17 08:23:09,65,115,8,0,0,0,ğŸ§ğŸ§ğŸ˜ˆğŸ˜ˆ#NestğŸ§ğŸµ #ğŸ§ #ness_opo #aot #aveeplay 
https://www.tiktok.com/@ness_opo/video/7302078119869975813,2023-11-16 18:12:31,60,2232,143,1,1,17,#fyp #aveeplay #ğŸ§ #ness_opo #NestğŸ§ğŸµ #aot 
https://www.tiktok.com/@ness_opo/video/7301278729609776389,2023-11-14 14:30:29,56,1301,91,1,0,11,
https://www.tiktok.com/@ness_opo/video/7300934317977472262,2023-11-13 16:14:00,56,407,51,0,0,6,ğŸ˜ˆğŸ˜ˆğŸ˜ˆğŸ˜ˆ#NestğŸ§ğŸµ #ness_opo #ğŸ§ #aveeplay #fyp 
https://www.tiktok.com/@ness_opo/video/7300565037192662277,2023-11-12 16:20:59,54,868,64,4,0,6,à¹€à¸à¸¥à¸‡Ù„Ø­Ù† Ø§Ù„ÙˆÙØ§Ø¡ ÙˆØ§Ù„Ø§Ø®Ù„Ø§Øµ@P. #NestğŸ§ğŸµ #ness_opo #ğŸ§ #aveeplay #fyp 
https://www.tiktok.com/@ness_opo/video/7300238327893200133,2023-11-11 19:13:11,60,4392,254,1,3,27,ğŸ˜ˆğŸ˜ˆğŸ˜ˆğŸ˜ˆğŸ˜ˆ#fyp #aveeplay #ğŸ§ #ness_opo #NestğŸ§ğŸµ 
https://www.tiktok.com/@ness_opo/video/7299879671129263366,2023-11-10 20:01:26,52,1583,227,1,0,28,ğŸ˜ˆğŸ˜ˆğŸ˜ˆğŸ§ğŸ§#NestğŸ§ğŸµ #ness_opo #ğŸ§ #aveeplay #fyp @P. 
https://www.tiktok.com/@ness_opo/video/7299610115714387206,2023-11-10 02:35:27,60,5283,352,1,1,70,ğŸ˜ˆğŸ˜ˆğŸ˜ˆ#fyp #aveeplay #ğŸ§ #ness_opo#NestğŸ§ğŸµ 
https://www.tiktok.com/@ness_opo/video/7299246263080357125,2023-11-09 03:03:29,61,4014,241,0,1,25,#aveeplay #fyp @P. 
https://www.tiktok.com/@ness_opo/video/7298879141166763270,2023-11-08 03:18:53,89,5204,312,3,1,49,ğŸµğŸµ#ost #aot #fyp #aveeplay
https://www.tiktok.com/@ness_opo/video/7298742955307797765,2023-11-07 18:30:23,60,1015,101,2,0,8,#splinterwolf #aveeplay #fyp #aot #ost 
https://www.tiktok.com/@ness_opo/video/7298690035954601222,2023-11-07 15:05:02,106,8152,364,6,3,74,ğŸ˜ˆğŸ˜ˆğŸ˜ˆğŸ˜ˆ@painozilisg #splinterwolf #aveeplay #fyp #aot #ost 
https://www.tiktok.com/@ness_opo/video/7298497480293993733,2023-11-07 02:37:51,40,610,71,1,0,10,
https://www.tiktok.com/@ness_opo/video/7298311590363827462,2023-11-06 14:36:28,74,1319,87,0,0,12,
https://www.tiktok.com/@ness_opo/video/7297642334835969286,2023-11-04 19:19:25,70,46500,4113,4,8,800,#ğŸ§ #NesSğŸ§ğŸµ #à¸­à¸¢à¹ˆà¸²à¸›à¸´à¸”à¸à¸²à¸£à¸¡à¸­à¸‡à¹€à¸«à¹‡à¸™ #headphones #bassboosong #aveeplayer #ness_opo #phonk #slowed #top 
https://www.tiktok.com/@ness_opo/video/7296886250449964294,2023-11-02 18:25:25,66,4441,310,1,1,39,#top #slowed #phonk #ness_opo #aveeplayer #bassboosong #headphones #à¸­à¸¢à¹ˆà¸²à¸›à¸´à¸”à¸à¸²à¸£à¸¡à¸­à¸‡à¹€à¸«à¹‡à¸™ #NesSğŸ§ğŸµ #ğŸ§ 
https://www.tiktok.com/@ness_opo/video/7295310559598218502,2023-10-29 12:30:57,61,2764,166,1,3,18,#ğŸ§ #NesSğŸ§ğŸµ #à¸­à¸¢à¹ˆà¸²à¸›à¸´à¸”à¸à¸²à¸£à¸¡à¸­à¸‡à¹€à¸«à¹‡à¸™ #headphones #bassboosong #aveeplayer #ness_opo #phonk #slowed #top 
https://www.tiktok.com/@ness_opo/video/7295053825969229061,2023-10-28 19:54:40,60,4865,384,1,0,41,#ğŸ§ #NesSğŸ§ğŸµ #à¸­à¸¢à¹ˆà¸²à¸›à¸´à¸”à¸à¸²à¸£à¸¡à¸­à¸‡à¹€à¸«à¹‡à¸™ #headphones #bassboosong #aveeplayer #ness_opo #phonk #slowed #top 
https://www.tiktok.com/@ness_opo/video/7294806218915400966,2023-10-28 03:53:52,55,916,92,2,0,13,#ğŸ§ #NesSğŸ§ğŸµ #à¸­à¸¢à¹ˆà¸²à¸›à¸´à¸”à¸à¸²à¸£à¸¡à¸­à¸‡à¹€à¸«à¹‡à¸™ #headphones #bassboosong #aveeplayer #ness_opo #phonk #slowed #top 
https://www.tiktok.com/@ness_opo/video/7294566778368167174,2023-10-27 12:24:42,48,5075,139,3,0,17,#top ##slowed #phonk #ness_opo #aveeplayer #bassboosong #headphones #à¸­à¸¢à¹ˆà¸²à¸›à¸´à¸”à¸à¸²à¸£à¸¡à¸­à¸‡à¹€à¸«à¹‡à¸™ #NesSğŸ§ğŸµ #ğŸ§ 
https://www.tiktok.com/@ness_opo/video/7293304580392094981,2023-10-24 02:46:43,65,2610,245,0,0,31,#NesSğŸ§ğŸµ #ğŸ§ #ness_opo #bassboosong #aveeplayer #phonk #slowed #top 
https://www.tiktok.com/@ness_opo/video/7293116029931097349,2023-10-23 14:35:03,60,2549,206,0,0,20,ğŸ’€ğŸ’€ğŸ’€ğŸ’€#ğŸ§ #ness_opo #NesSğŸ§ğŸµ #bassboosong #bassboosong #aveeplayer #phonk #slowed #top #headphones #à¸­à¸¢à¹ˆà¸²à¸›à¸´à¸”à¸à¸²à¸£à¸¡à¸­à¸‡à¹€à¸«à¹‡à¸™ 
https://www.tiktok.com/@ness_opo/video/7291663556028730629,2023-10-19 16:38:42,60,4796,302,2,3,46,#à¸­à¸¢à¹ˆà¸²à¸›à¸´à¸”à¸à¸²à¸£à¸¡à¸­à¸‡à¹€à¸«à¹‡à¸™ #headphones #top #slowed #slowed #phonk #aveeplayer #bassboosong #ness_opo #NesSğŸ§ğŸµ #ğŸ§ 
https://www.tiktok.com/@ness_opo/video/7291531286026407174,2023-10-19 08:05:26,23,5160,340,2,1,55,ğŸ‘¿ğŸ‘¿ğŸ‘¿#ğŸ§ #NesSğŸ§ğŸµ #ness_opo #bassboosong #aveeplayer #phonk #slowed #top #headphones ##à¸­à¸¢à¹ˆà¸²à¸›à¸´à¸”à¸à¸²à¸£à¸¡à¸­à¸‡à¹€à¸«à¹‡à¸™ 
https://www.tiktok.com/@ness_opo/video/7291296337134652677,2023-10-18 16:53:41,64,434,56,1,0,5,#ğŸ§ #NesSğŸ§ğŸµ #ness_opo #bassboosong #aveeplayer #phonk #slowed #top #headphones #à¸­à¸¢à¹ˆà¸²à¸›à¸´à¸”à¸à¸²à¸£à¸¡à¸­à¸‡à¹€à¸«à¹‡à¸™ 
https://www.tiktok.com/@ness_opo/video/7291090047896440069,2023-10-18 03:33:12,67,1593,172,1,0,20,#ğŸ§ #NesSğŸ§ğŸµ #ness_opo #bassboosong #aveeplayer #phonk  #slowed #top #headphones #à¸­à¸¢à¹ˆà¸²à¸›à¸´à¸”à¸à¸²à¸£à¸¡à¸­à¸‡à¹€à¸«à¹‡à¸™ 
https://www.tiktok.com/@ness_opo/video/7290925728290409734,2023-10-17 16:55:33,31,3003,188,0,0,31,#ğŸ§ #NesSğŸ§ğŸµ #ness_opo #bassboosong #aveeplayer #headphones #à¸­à¸¢à¹ˆà¸²à¸›à¸´à¸”à¸à¸²à¸£à¸¡à¸­à¸‡à¹€à¸«à¹‡à¸™ #slowed #phonk #top 
https://www.tiktok.com/@ness_opo/video/7290772579789327622,2023-10-17 07:01:17,25,5208,125,2,2,18,
https://www.tiktok.com/@ness_opo/video/7290715308426349830,2023-10-17 03:19:02,25,2592,197,0,0,29,ğŸ’€ğŸ’€ğŸ’€ğŸ’€#ğŸ§ #NesSğŸ§ğŸµ #ness_opo #bassboosong #aveeplayer #headphones #à¸­à¸¢à¹ˆà¸²à¸›à¸´à¸”à¸à¸²à¸£à¸¡à¸­à¸‡à¹€à¸«à¹‡à¸™#slowed ##phonk #top 
https://www.tiktok.com/@ness_opo/video/7290537062976032006,2023-10-16 15:47:19,60,8946,745,8,2,121,#ğŸ§ #NesSğŸ§ğŸµ #ness_opo #bassboosong #aveeplayer #headphones #à¸­à¸¢à¹ˆà¸²à¸›à¸´à¸”à¸à¸²à¸£à¸¡à¸­à¸‡à¹€à¸«à¹‡à¸™ #slowed #phonk #top 
https://www.tiktok.com/@ness_opo/video/7290345196506598661,2023-10-16 03:22:49,60,5253,267,0,1,31,ğŸ’€ğŸ’€ğŸ’€ğŸ˜ˆ#ğŸ§ #NesSğŸ§ğŸµ #ness_opo #bassboosong #aveeplayer #headphones #à¸­à¸¢à¹ˆà¸²à¸›à¸´à¸”à¸à¸²à¸£à¸¡à¸­à¸‡à¹€à¸«à¹‡à¸™ #slowed #phonk #top 
https://www.tiktok.com/@ness_opo/video/7290193491781487878,2023-10-15 17:34:05,72,7460,577,2,0,93,#ğŸ§ #NesSğŸ§ğŸµ #ness_opo #bassboosong #aveeplayer #headphones #à¸­à¸¢à¹ˆà¸²à¸›à¸´à¸”à¸à¸²à¸£à¸¡à¸­à¸‡à¹€à¸«à¹‡à¸™ #slowed #phonk #top 
https://www.tiktok.com/@ness_opo/video/7290103633478225158,2023-10-15 11:45:25,15,5220,175,1,0,25,à¹€à¸à¸´à¹ˆà¸¡à¹€à¸ªà¸µà¸¢à¸‡à¹ƒà¸«à¹‰à¸ªà¸¸à¸”à¸”à¸”à¸”à¸”!!!!!#top #phonk #slowed #à¸­à¸¢à¹ˆà¸²à¸›à¸´à¸”à¸à¸²à¸£à¸¡à¸­à¸‡à¹€à¸«à¹‡à¸™ #aveeplayer #headphones #aveeplayer #bassboosong #ness_opo #NesSğŸ§ğŸµ #NesSğŸ§ğŸµ #ğŸ§ 
https://www.tiktok.com/@ness_opo/video/7289848603193920774,2023-10-14 19:15:45,60,6426,428,4,2,56,#ğŸ§ #NesSğŸ§ğŸµ #ness_opo #bassboosong #headphones #aveeplayer #à¸­à¸¢à¹ˆà¸²à¸›à¸´à¸”à¸à¸²à¸£à¸¡à¸­à¸‡à¹€à¸«à¹‡à¸™ #slowed #phonk #top 
https://www.tiktok.com/@ness_opo/video/7289791502962658566,2023-10-14 15:34:10,49,6973,294,1,0,51,#ğŸ§ #NesSğŸ§ğŸµ #ness_opo #bassboosong #headphones #aveeplayer #à¸­à¸¢à¹ˆà¸²à¸›à¸´à¸”à¸à¸²à¸£à¸¡à¸­à¸‡à¹€à¸«à¹‡à¸™ #slowed #phonk #top 
https://www.tiktok.com/@ness_opo/video/7289067975141821702,2023-10-12 16:46:31,47,660,48,1,0,9,
https://www.tiktok.com/@ness_opo/video/7289064966366203141,2023-10-12 16:34:50,98,577,32,2,0,4,
https://www.tiktok.com/@ness_opo/video/7289060305148054790,2023-10-12 16:16:45,60,62100,4130,3,13,524,à¹‚à¸”à¸™à¸›à¸´à¸”à¹€à¸ªà¸µà¸¢à¸‡à¹€à¸¢à¸­à¸°à¸ˆà¸±à¸‡à¹€à¸¥à¸¢à¹€à¸”à¸µà¹‹à¸¢à¸§à¸™à¸µà¹‰#ğŸ§ #NesSğŸ§ğŸµ #ness_opo #bassboosong #headphones #aveeplayer #à¸­à¸¢à¹ˆà¸²à¸›à¸´à¸”à¸à¸²à¸£à¸¡à¸­à¸‡à¹€à¸«à¹‡à¸™ #slowed #phonk #top 
https://www.tiktok.com/@ness_opo/video/7289034762071674118,2023-10-12 14:37:38,62,4940,240,5,2,22,à¹€à¸‚à¹‰à¸²à¹€à¸à¸¡à¹à¸›à¸›#ğŸ§ #NesSğŸ§ğŸµ #ness_opo #bassboosong #headphones #headphones #aveeplayer #à¸­à¸¢à¹ˆà¸²à¸›à¸´à¸”à¸à¸²à¸£à¸¡à¸­à¸‡à¹€à¸«à¹‡à¸™ #slowed #phonk #top 
https://www.tiktok.com/@ness_opo/video/7288700860027194629,2023-10-11 17:01:56,80,6231,355,0,1,48,#top #phonk #slowed #à¸­à¸¢à¹ˆà¸²à¸›à¸´à¸”à¸à¸²à¸£à¸¡à¸­à¸‡à¹€à¸«à¹‡à¸™ #aveeplayer #headphones #bassboosong #ness_opo #NesSğŸ§ğŸµ #ğŸ§ 
https://www.tiktok.com/@ness_opo/video/7288372102816632070,2023-10-10 19:46:10,55,1100,90,0,0,16,à¸•à¸­à¸šà¸à¸¥à¸±à¸š @ness_opo #ğŸ§ #NesSğŸ§ğŸµ #ness_opo #bassboosong #headphones #aveeplayer #à¸­à¸¢à¹ˆà¸²à¸›à¸´à¸”à¸à¸²à¸£à¸¡à¸­à¸‡à¹€à¸«à¹‡à¸™ #slowed #phonk #top 
https://www.tiktok.com/@ness_opo/video/7288348840514653446,2023-10-10 18:15:54,63,1011,99,2,1,14,#ğŸ§ #NesSğŸ§ğŸµ #ness_opo #bassboosong #headphones #aveeplayer #à¸­à¸¢à¹ˆà¸²à¸›à¸´à¸”à¸à¸²à¸£à¸¡à¸­à¸‡à¹€à¸«à¹‡à¸™ #slowed #phonk #top 
https://www.tiktok.com/@ness_opo/video/7288346325505150214,2023-10-10 18:06:09,13,1038,112,3,1,18,#ğŸ§ #NesSğŸ§ğŸµ #ness_opo #bassboosong #headphones #aveeplayer #à¸­à¸¢à¹ˆà¸²à¸›à¸´à¸”à¸à¸²à¸£à¸¡à¸­à¸‡à¹€à¸«à¹‡à¸™ #slowed #phonk #top 
https://www.tiktok.com/@ness_opo/video/7287938323664964870,2023-10-09 15:42:54,66,5471,400,0,1,41,#ğŸ§ #ness_opo #NesSğŸ§ğŸµ #bassboosong #headphones #aveeplayer #à¸­à¸¢à¹ˆà¸²à¸›à¸´à¸”à¸à¸²à¸£à¸¡à¸­à¸‡à¹€à¸«à¹‡à¸™ #slowed #phonk #top 
https://www.tiktok.com/@ness_opo/video/7287769186955267334,2023-10-09 04:46:35,98,274,4,0,0,0,#ğŸ§ #NesSğŸ§ğŸµ #ness_opo #bassboosong #headphones #aveeplayer #à¸­à¸¢à¹ˆà¸²à¸›à¸´à¸”à¸à¸²à¸£à¸¡à¸­à¸‡à¹€à¸«à¹‡à¸™ #slowed #phonk #top 
https://www.tiktok.com/@ness_opo/video/7287574444921425158,2023-10-08 16:10:52,60,5333,324,0,0,36,##ğŸ§ #NesSğŸ§ğŸµ #ness_opo #bassboosong #headphones #aveeplayer #à¸­à¸¢à¹ˆà¸²à¸›à¸´à¸”à¸à¸²à¸£à¸¡à¸­à¸‡à¹€à¸«à¹‡à¸™ #à¸­à¸¢à¹ˆà¸²à¸›à¸´à¸”à¸à¸²à¸£à¸¡à¸­à¸‡à¹€à¸«à¹‡à¸™ #slowed #phonk #top 
https://www.tiktok.com/@ness_opo/video/7287410868000738566,2023-10-08 05:36:08,28,13700,719,2,1,129,#NesSğŸ§ğŸµ #ğŸ§ #ness_opo #bassboosong #headphones #aveeplayer #aveeplayer #à¸­à¸¢à¹ˆà¸²à¸›à¸´à¸”à¸à¸²à¸£à¸¡à¸­à¸‡à¹€à¸«à¹‡à¸™ #slowed #phonk #top 
https://www.tiktok.com/@ness_opo/video/7287228718743817478,2023-10-07 17:49:15,43,38900,2743,1,6,360,ğŸ˜ˆğŸ˜ˆğŸ‘¿ğŸ‘¿ğŸ”¥ğŸ”¥#ğŸ§ #NesSğŸ§ğŸµ #ness_opo #bassboosong #headphones #aveeplayer #à¸­à¸¢à¹ˆà¸²à¸›à¸´à¸”à¸à¸²à¸£à¸¡à¸­à¸‡à¹€à¸«à¹‡à¸™ #slowed #phonk #top 
https://www.tiktok.com/@ness_opo/video/7286848760733355270,2023-10-06 17:14:52,45,9843,625,4,0,114,ğŸ˜ˆğŸ˜ˆğŸ˜ˆğŸ§ğŸµğŸµ#ğŸ§ #NesSğŸ§ğŸµ #ness_opo #bassboosong #headphones #aveeplayer #à¸­à¸¢à¹ˆà¸²à¸›à¸´à¸”à¸à¸²à¸£à¸¡à¸­à¸‡à¹€à¸«à¹‡à¸™ #slowed #phonk #top 
https://www.tiktok.com/@ness_opo/video/7286136615548751110,2023-10-04 19:11:20,60,9361,603,4,2,87,à¸£à¸¹à¹‰à¸ªà¸¶à¸à¸«à¸¥à¹ˆà¸­à¹€à¸—à¹ˆà¸¢à¸±à¸‡à¹„à¸‡à¹„à¸¡à¹ˆà¸£à¸¹à¹‰#ğŸ§ #NesSğŸ§ğŸµ ##ness_opo #bassboosong #headphones #aveeplayer #à¸­à¸¢à¹ˆà¸²à¸›à¸´à¸”à¸à¸²à¸£à¸¡à¸­à¸‡à¹€à¸«à¹‡à¸™ #slowed #phonk #top 
https://www.tiktok.com/@ness_opo/video/7285749599044652293,2023-10-03 18:09:32,59,1065,111,0,0,16,à¹€à¸à¸¥à¸‡à¸­à¸°à¹„à¸£à¸¥à¸·à¸¡#aveeplayer #headphones #bassboosong #ness_opo #NesSğŸ§ğŸµ #ğŸ§ 
https://www.tiktok.com/@ness_opo/video/7285337746871225605,2023-10-02 15:31:20,60,19000,1530,3,7,259,ğŸ˜ˆğŸ˜ˆğŸ§ğŸµ#phonk #ğŸ§ #slowed #NesSğŸ§ğŸµ #ness_opo #à¸­à¸¢à¹ˆà¸²à¸›à¸´à¸”à¸à¸²à¸£à¸¡à¸­à¸‡à¹€à¸«à¹‡à¸™ #aveeplayer #aveeplayer #headphones #bassboosong 
https://www.tiktok.com/@ness_opo/video/7284794429662121222,2023-10-01 04:23:01,72,22000,1502,9,7,333,à¸•à¸­à¸šà¸à¸¥à¸±à¸š @gamer_7544à¸•à¹ˆà¸­à¹ƒà¸«à¹‰à¹à¸¥à¹‰à¸§à¸„à¸£à¸±à¸šà¸Ÿà¸¹à¹ˆà¸§à¸§à¸§~~ #bassboosong #headphones #aveeplayer #à¸­à¸¢à¹ˆà¸²à¸›à¸´à¸”à¸à¸²à¸£à¸¡à¸­à¸‡à¹€à¸«à¹‡à¸™ #ness_opo #NesSğŸ§ğŸµ #slowed #ğŸ§ #brazilian #typ #musica #viral #brazil #tending #tending #TikTok #foryou #foryou #funk #sdx_bass #top #phonk 
https://www.tiktok.com/@ness_opo/video/7284624989893004549,2023-09-30 17:25:28,19,2832,293,1,1,44,ğŸ’€ğŸ§ğŸµğŸµ#ğŸ§ #NesSğŸ§ğŸµ #ness_opo #à¸­à¸¢à¹ˆà¸²à¸›à¸´à¸”à¸à¸²à¸£à¸¡à¸­à¸‡à¹€à¸«à¹‡à¸™ #aveeplayer #headphones #bassboosong 
https://www.tiktok.com/@ness_opo/video/7284624453391240453,2023-09-30 17:23:23,19,6214,241,1,1,36,ğŸ’€ğŸ§ğŸµğŸµ#ğŸ§ #NesSğŸ§ğŸµ #ness_opo #à¸­à¸¢à¹ˆà¸²à¸›à¸´à¸”à¸à¸²à¸£à¸¡à¸­à¸‡à¹€à¸«à¹‡à¸™ #aveeplayer #headphones #bassboosong 
https://www.tiktok.com/@ness_opo/video/7284623773293219078,2023-09-30 17:20:45,19,6308,244,0,0,34,ğŸ’€ğŸ§ğŸµğŸµ#phonk #top #sdx_bass #funk #foryou #bassboosong #headphones #aveeplayer #TikTok #tending #brazil #viral #à¸­à¸¢à¹ˆà¸²à¸›à¸´à¸”à¸à¸²à¸£à¸¡à¸­à¸‡à¹€à¸«à¹‡à¸™ #musica #typ #brazilian #slowed #ness_opo #NesSğŸ§ğŸµ #ğŸ§ 
https://www.tiktok.com/@ness_opo/video/7284529881457773830,2023-09-30 11:16:25,30,1322,119,3,0,15,ğŸ§ğŸ§ğŸ§ğŸ’€#ğŸ§ #NesSğŸ§ğŸµ #ness_opo #slowed #brazilian #typ #musica #à¸­à¸¢à¹ˆà¸²à¸›à¸´à¸”à¸à¸²à¸£à¸¡à¸­à¸‡à¹€à¸«à¹‡à¸™ #viral #brazil #tending #TikTok #aveeplayer #bassboosong #headphones #foryou #funk #sdx_bass #top #phonk 
https://www.tiktok.com/@ness_opo/video/7284525605348003078,2023-09-30 10:59:50,30,6411,253,3,2,40,ğŸ’€ğŸ§ğŸµğŸµ#phonk #top #sdx_bass #funk #foryou #headphones #bassboosong #aveeplayer #TikTok #tending #brazil #viral #à¸­à¸¢à¹ˆà¸²à¸›à¸´à¸”à¸à¸²à¸£à¸¡à¸­à¸‡à¹€à¸«à¹‡à¸™ #typ #musica #brazilian #slowed #ness_opo #NesSğŸ§ğŸµ #ğŸ§ 
https://www.tiktok.com/@ness_opo/video/7284523188065750278,2023-09-30 10:50:26,30,1832,170,0,1,22,ğŸ’€ğŸ§ğŸµ#ğŸ§ #NesSğŸ§ğŸµ #ness_opo #brazilian #slowed #musica #typ #à¸­à¸¢à¹ˆà¸²à¸›à¸´à¸”à¸à¸²à¸£à¸¡à¸­à¸‡à¹€à¸«à¹‡à¸™ #viral #brazil ##tending #TikTok #aveeplayer #bassboosong #headphones #foryou #funk #sdx_bass #top #phonk 
https://www.tiktok.com/@ness_opo/video/7284180976039759110,2023-09-29 12:42:29,77,7927,489,3,5,54,à¸«à¸´à¸§à¸‚à¹‰à¸²à¸§#phonk #top #sdx_bass #funk #foryou #headphones #bassboosong #aveeplayer #TikTok #tending #brazil #viral #à¸­à¸¢à¹ˆà¸²à¸›à¸´à¸”à¸à¸²à¸£à¸¡à¸­à¸‡à¹€à¸«à¹‡à¸™ #typ #musica #slowed #brazilian #ness_opo #NesSğŸ§ğŸµ #ğŸ§ 
https://www.tiktok.com/@ness_opo/video/7283862788320070917,2023-09-28 16:07:44,107,18200,1326,3,6,257,ğŸ’€ğŸ’€ğŸ’€ğŸ’€ğŸ§ğŸµğŸµ#ğŸ§ #NesSğŸ§ğŸµ #ness_opo #brazilian #musica #slowed #typ #à¸­à¸¢à¹ˆà¸²à¸›à¸´à¸”à¸à¸²à¸£à¸¡à¸­à¸‡à¹€à¸«à¹‡à¸™ #viral #brazil #tending #TikTok #aveeplayer #bassboosong #headphones #foryou #funk #sdx_bass #top #phonk 
https://www.tiktok.com/@ness_opo/video/7283586394797165830,2023-09-27 22:15:14,67,11700,921,0,5,92,ğŸ’€ğŸ’€ğŸ’€ğŸ’€â¡ï¸ğŸ˜ˆğŸ˜ˆğŸ˜ˆğŸ˜ˆ#phonk #top #sdx_bass #funk #foryou #headphones #bassboosong #tending #aveeplayer #TikTok #tending ##brazil #viral #à¸­à¸¢à¹ˆà¸²à¸›à¸´à¸”à¸à¸²à¸£à¸¡à¸­à¸‡à¹€à¸«à¹‡à¸™ #typ #slowed #musica #brazilian #NesSğŸ§ğŸµ #ness_opo #ğŸ§ 
https://www.tiktok.com/@ness_opo/video/7283166165206174982,2023-09-26 19:04:30,60,10100,714,2,1,113,à¸¡à¸±à¸™à¹€à¸‚à¹‰à¸²à¸à¸±à¸šà¸‹à¸´à¸™à¸”à¸µ#ğŸ§ #NesSğŸ§ğŸµ #ness_opo #brazilian #musica #slowed #typ #à¸­à¸¢à¹ˆà¸²à¸›à¸´à¸”à¸à¸²à¸£à¸¡à¸­à¸‡à¹€à¸«à¹‡à¸™ #viral #brazil #TikTok #aveeplayer #tending #bassboosong #headphones #foryou #funk #sdx_bass #top #phonk 
https://www.tiktok.com/@ness_opo/video/7282945261498813701,2023-09-26 04:47:15,135,33100,2440,1,14,238,ğŸ’€ğŸ’€ğŸ’€ğŸ’€#top #sdx_bass #funk #foryou ##headphones ##bassboosong #tending #aveeplayer #TikTok #brazil #viral #à¸­à¸¢à¹ˆà¸²à¸›à¸´à¸”à¸à¸²à¸£à¸¡à¸­à¸‡à¹€à¸«à¹‡à¸™ #typ #musica #slowed #musica #brazilian #ness_opo #NesSğŸ§ğŸµ #ğŸ§ 
https://www.tiktok.com/@ness_opo/video/7282778585536990469,2023-09-25 18:00:28,61,8309,631,2,2,75,ğŸ’€ğŸ’€ğŸ’€#ğŸ§ #NesSğŸ§ğŸµ #phonk #ness_opo #slowed #brazilian #musica #typ #à¸­à¸¢à¹ˆà¸²à¸›à¸´à¸”à¸à¸²à¸£à¸¡à¸­à¸‡à¹€à¸«à¹‡à¸™ #viral #brazil #TikTok #aveeplayer #tending #bassboosong #headphones #foryou #funk #sdx_bass #top 
https://www.tiktok.com/@ness_opo/video/7282398361632689413,2023-09-24 17:25:02,49,6531,243,0,3,37,ğŸ’€ğŸ’€ğŸ’€ğŸ’€#top #sdx_bass #funk ##foryou #headphones #bassboosong #tending #aveeplayer #TikTok #brazil #viral #à¸­à¸¢à¹ˆà¸²à¸›à¸´à¸”à¸à¸²à¸£à¸¡à¸­à¸‡à¹€à¸«à¹‡à¸™ #typ #musica #brazilian #slowed #ness_opo #phonk #NesSğŸ§ğŸµ #ğŸ§ 
https://www.tiktok.com/@ness_opo/video/7282291561981889797,2023-09-24 10:30:35,24,2980,247,2,1,32,Thank you to all the addicts.#ğŸ§ #NesSğŸ§ğŸµ #phonk #ness_opo #slowed #slowed #brazilian #musica #typ #à¸­à¸¢à¹ˆà¸²à¸›à¸´à¸”à¸à¸²à¸£à¸¡à¸­à¸‡à¹€à¸«à¹‡à¸™ #tending #viral #brazil #TikTok #aveeplayer #tending #bassboosong #headphones #foryou #funk #sdx_bass #top 
https://www.tiktok.com/@ness_opo/video/7282185382827969797,2023-09-24 03:38:34,72,7208,431,3,2,72,ğŸ˜ˆğŸ˜ˆğŸ˜ˆğŸ§ğŸ§ğŸµ#slowed #brazilian #à¸­à¸¢à¹ˆà¸²à¸›à¸´à¸”à¸à¸²à¸£à¸¡à¸­à¸‡à¹€à¸«à¹‡à¸™ #tending #typ #musica #top #sdx_bass #funk #foryou #headphones #bassboosong #aveeplayer #TikTok #brazil #viral #tending #à¸­à¸¢à¹ˆà¸²à¸›à¸´à¸”à¸à¸²à¸£à¸¡à¸­à¸‡à¹€à¸«à¹‡à¸™ #typ #musica #brazilian #slowed #ness_opo #phonk #NesSğŸ§ğŸµ #ğŸ§ 
https://www.tiktok.com/@ness_opo/video/7281824426620931333,2023-09-23 04:17:52,60,5301,232,0,1,40,
https://www.tiktok.com/@ness_opo/video/7281654395102661893,2023-09-22 17:18:02,88,2416,102,4,0,12,à¸Šà¹ˆà¸­à¸‡à¸à¸µà¹ˆà¹€à¸›à¹‡à¸”à¹€à¸¥à¸¢à¸„à¸£à¸±à¸šà¸­à¹‰à¸²à¸¢#ğŸ§ #NesSğŸ§ğŸµ #phonk #viral #brazil #ness_opo #TikTok #aveeplayer #bassboosong #bassboosong #headphones #foryou #funk #sdx_bass #musica #top #typ #tending #à¸­à¸¢à¹ˆà¸²à¸›à¸´à¸”à¸à¸²à¸£à¸¡à¸­à¸‡à¹€à¸«à¹‡à¸™ #brazilian #slowed 
https://www.tiktok.com/@ness_opo/video/7281622048793742597,2023-09-22 15:12:31,60,7374,433,5,6,58,ğŸ’€ğŸ’€ğŸ’€#slowed #brazilian #à¸­à¸¢à¹ˆà¸²à¸›à¸´à¸”à¸à¸²à¸£à¸¡à¸­à¸‡à¹€à¸«à¹‡à¸™ #tending #typ #top #musica #sdx_bass #funk #foryou #headphones #bassboosong #aveeplayer #TikTok #ness_opo #brazil #viral #phonk #NesSğŸ§ğŸµ #ğŸ§ 
https://www.tiktok.com/@ness_opo/video/7281587238675254533,2023-09-22 12:57:27,42,28300,1882,6,4,319,ğŸ’€ğŸ’€ğŸ’€#ğŸ§ #NesSğŸ§ğŸµ #phonk #viral #brazil #ness_opo #TikTok #aveeplayer #aveeplayer #bassboosong #headphones #foryou #funk #sdx_bass #musica #top #typ #tending #à¸­à¸¢à¹ˆà¸²à¸›à¸´à¸”à¸à¸²à¸£à¸¡à¸­à¸‡à¹€à¸«à¹‡à¸™ #brazilian #slowed 
https://www.tiktok.com/@ness_opo/video/7281298890702294278,2023-09-21 18:18:30,59,2109,96,2,2,21,
https://www.tiktok.com/@ness_opo/video/7281292111780121861,2023-09-21 17:52:12,15,2912,207,3,4,44,#slowed #brazilian #à¸­à¸¢à¹ˆà¸²à¸›à¸´à¸”à¸à¸²à¸£à¸¡à¸­à¸‡à¹€à¸«à¹‡à¸™ #tending #typ #top #musica #sdx_bass #funk #foryou #headphones #bassboosong #aveeplayer #TikTok #ness_opo #brazil #viral #phonk #NesSğŸ§ğŸµ #ğŸ§ 
https://www.tiktok.com/@ness_opo/video/7281283739592740101,2023-09-21 17:19:42,70,1887,103,2,0,12,ğŸ‘¿ğŸ˜ˆğŸ‘¿ğŸ˜ˆğŸ‘¿#ğŸ§ #NesSğŸ§ğŸµ #phonk #viral #brazil #ness_opo #TikTok #aveeplayer #bassboosong #headphones #foryou #funk #sdx_bass #musica #top #typ #tending #à¸­à¸¢à¹ˆà¸²à¸›à¸´à¸”à¸à¸²à¸£à¸¡à¸­à¸‡à¹€à¸«à¹‡à¸™ #brazilian #slowed 
https://www.tiktok.com/@ness_opo/video/7280817971243650310,2023-09-20 11:12:18,80,4493,298,4,3,37,ğŸ”¥ğŸ”¥ğŸ”¥ğŸ”¥ğŸ’€ğŸ’€ğŸ’€ğŸ’€#slowed #brazilian #à¸­à¸¢à¹ˆà¸²à¸›à¸´à¸”à¸à¸²à¸£à¸¡à¸­à¸‡à¹€à¸«à¹‡à¸™ #tending #typ #top #musica #sdx_bass #funk #foryou #headphones #bassboosong #aveeplayer #TikTok #ness_opo #brazil #viral #phonk #NesSğŸ§ğŸµ #ğŸ§ 
https://www.tiktok.com/@ness_opo/video/7280723915624779013,2023-09-20 05:07:20,95,5292,232,0,0,27,ğŸ˜ˆğŸ˜ˆğŸ”¥ğŸ”¥#ğŸ§ #NesSğŸ§ğŸµ #phonk #viral #brazil #ness_opo #TikTok #aveeplayer #bassboosong #headphones #foryou #funk #sdx_bass #musica #top #typ #tending #à¸­à¸¢à¹ˆà¸²à¸›à¸´à¸”à¸à¸²à¸£à¸¡à¸­à¸‡à¹€à¸«à¹‡à¸™ #brazilian #slowed 
https://www.tiktok.com/@ness_opo/video/7279957066402368773,2023-09-18 03:31:34,60,7499,408,1,2,75,ğŸ‘¿ğŸ‘¿ğŸ’€ğŸ’€#slowed #brazilian #à¸­à¸¢à¹ˆà¸²à¸›à¸´à¸”à¸à¸²à¸£à¸¡à¸­à¸‡à¹€à¸«à¹‡à¸™ #tending #typ #top #musica #sdx_bass #funk #foryou #headphones #bassboosong #aveeplayer #TikTok #ness_opo #brazil #viral #phonk #NesSğŸ§ğŸµ #ğŸ§ 
https://www.tiktok.com/@ness_opo/video/7279665228189535494,2023-09-17 08:39:04,78,36500,3394,29,20,561,ğŸ’€ğŸ’€ğŸ’€#ğŸ§ #NesSğŸ§ğŸµ #à¸­à¸¢à¹ˆà¸²à¸›à¸´à¸”à¸à¸²à¸£à¸¡à¸­à¸‡à¹€à¸«à¹‡à¸™ #ness_opo #phonk #viral #brazil #ness_opo #TikTok #aveeplayer #bassboosong #headphones #foryou #funk #sdx_bass #musica #top #typ #tending #à¸­à¸¢à¹ˆà¸²à¸›à¸´à¸”à¸à¸²à¸£à¸¡à¸­à¸‡à¹€à¸«à¹‡à¸™ #brazilian #slowed 
https://www.tiktok.com/@ness_opo/video/7279043028684262662,2023-09-15 16:24:37,62,2990,148,3,0,22,#ğŸ§ 
https://www.tiktok.com/@ness_opo/video/7278831702527544582,2023-09-15 02:44:35,25,2131,127,1,3,19,ğŸ’€ğŸ’€ğŸ’€ğŸ”¥ğŸ”¥ğŸ”¥ğŸ§ğŸµ#typ #slowed #brazilian #à¸­à¸¢à¹ˆà¸²à¸›à¸´à¸”à¸à¸²à¸£à¸¡à¸­à¸‡à¹€à¸«à¹‡à¸™ #tending ##typ #top #musica #sdx_bass #funk #foryou #headphones #bassboosong #bassboosong #aveeplayer #TikTok #NesSğŸ§ğŸµ #ğŸ§ #ness_opo #brazil #phonk #viral 
https://www.tiktok.com/@ness_opo/video/7278514215114231045,2023-09-14 06:12:33,17,2329,157,2,4,25,ğŸ’€ğŸ’€ğŸ’€ğŸ”¥ğŸ”¥ğŸ”¥#viral #phonk #brazil #ness_opo #ğŸ§ #NesSğŸ§ğŸµ #TikTok #aveeplayer #bassboosong #headphones #foryou #funk #sdx_bass #musica #top #tending #à¸­à¸¢à¹ˆà¸²à¸›à¸´à¸”à¸à¸²à¸£à¸¡à¸­à¸‡à¹€à¸«à¹‡à¸™ #brazilian #slowed #typ 
https://www.tiktok.com/@ness_opo/video/7278461223434276101,2023-09-14 02:46:55,60,9056,565,3,3,86,ğŸ”¥ğŸ”¥ğŸ”¥#typ #slowed #brazilian #à¸­à¸¢à¹ˆà¸²à¸›à¸´à¸”à¸à¸²à¸£à¸¡à¸­à¸‡à¹€à¸«à¹‡à¸™ #tending #top #musica #sdx_bass #funk #foryou ##headphones #bassboosong #aveeplayer #TikTok #NesSğŸ§ğŸµ #ğŸ§ #ness_opo #brazil #phonk #viral 
https://www.tiktok.com/@ness_opo/video/7278203229194767621,2023-09-13 10:05:48,27,2691,245,3,1,24,#viral #phonk #brazil #ness_opo #ğŸ§ #NesSğŸ§ğŸµ #TikTok #aveeplayer #bassboosong #headphones #foryou #funk #sdx_bass #top #musica #tending #à¸­à¸¢à¹ˆà¸²à¸›à¸´à¸”à¸à¸²à¸£à¸¡à¸­à¸‡à¹€à¸«à¹‡à¸™ #brazilian #slowed #typ 
https://www.tiktok.com/@ness_opo/video/7277934961607363846,2023-09-12 16:44:44,27,2401,153,0,6,30,ğŸ”¥ğŸ”¥ğŸ”¥ğŸ”¥ğŸ”¥##typ #slowed #brazilian #à¸­à¸¢à¹ˆà¸²à¸›à¸´à¸”à¸à¸²à¸£à¸¡à¸­à¸‡à¹€à¸«à¹‡à¸™ #tending #musica #top #sdx_bass #funk #funk #viral #phonk #brazil #ness_opo #ğŸ§ #NesSğŸ§ğŸµ #TikTok #aveeplayer #bassboosong #headphones #foryou 
https://www.tiktok.com/@ness_opo/video/7277548334615661830,2023-09-11 15:44:25,62,11000,672,3,2,97,#foryou #headphones #bassboosong #aveeplayer #TikTok #NesSğŸ§ğŸµ #ğŸ§ #ness_opo #brazil #phonk #viral #funk #sdx_bass #musica #top #tending #à¸­à¸¢à¹ˆà¸²à¸›à¸´à¸”à¸à¸²à¸£à¸¡à¸­à¸‡à¹€à¸«à¹‡à¸™ #brazilian #slowed #typ 
https://www.tiktok.com/@ness_opo/video/7277317545458371845,2023-09-11 00:48:53,60,4601,152,6,4,10,ğŸ”¥ğŸ”¥ğŸ”¥ğŸ”¥ğŸ”¥#typ #slowed #brazilian #à¸­à¸¢à¹ˆà¸²à¸›à¸´à¸”à¸à¸²à¸£à¸¡à¸­à¸‡à¹€à¸«à¹‡à¸™ #tending #top #musica #sdx_bass #viral #funk #phonk #brazil #ness_opo #ğŸ§ #NesSğŸ§ğŸµ #TikTok #aveeplayer #bassboosong #headphones #foryou @NUEKI @TikTok @P. 
https://www.tiktok.com/@ness_opo/video/7277313147352911109,2023-09-11 00:31:49,106,6006,144,3,1,23,
https://www.tiktok.com/@ness_opo/video/7277197038637337861,2023-09-10 17:01:13,60,4578,195,4,1,21,
https://www.tiktok.com/@ness_opo/video/7276970759262686470,2023-09-10 02:23:10,65,5504,196,4,6,26,
https://www.tiktok.com/@ness_opo/video/7276627630269500677,2023-09-09 04:11:40,106,35200,2170,7,11,291,ğŸ”¥ğŸ”¥ğŸ”¥ğŸ”¥#foryou #headphones #bassboosong #aveeplayer #TikTok #NesSğŸ§ğŸµ #ğŸ§ #ness_opo #brazil #phonk #funk #viral #sdx_bass #musica #top #tending #à¸­à¸¢à¹ˆà¸²à¸›à¸´à¸”à¸à¸²à¸£à¸¡à¸­à¸‡à¹€à¸«à¹‡à¸™ #brazilian #slowed #typ 
https://www.tiktok.com/@ness_opo/video/7276304330058124550,2023-09-08 07:17:04,60,5406,254,2,2,19,ğŸ”¥ğŸ”¥ğŸ”¥ğŸ”¥#typ #slowed #brazilian #à¸­à¸¢à¹ˆà¸²à¸›à¸´à¸”à¸à¸²à¸£à¸¡à¸­à¸‡à¹€à¸«à¹‡à¸™ #tending #top #musica #sdx_bass #viral #funk #phonk #ness_opo #brazil #NesSğŸ§ğŸµ #ğŸ§ #TikTok #aveeplayer #bassboosong #bassboosong #headphones #foryou 
https://www.tiktok.com/@ness_opo/video/7276229081522294021,2023-09-08 02:25:05,65,13000,719,4,13,131,ğŸ˜ˆğŸ˜ˆğŸ˜ˆğŸ˜ˆâ¡ï¸ğŸ”¥ğŸ”¥ğŸ”¥ğŸ”¥#foryou #headphones #bassboosong #aveeplayer #TikTok #ğŸ§ #NesSğŸ§ğŸµ #brazil #ness_opo #phonk #funk #viral #sdx_bass #musica #top #tending #à¸­à¸¢à¹ˆà¸²à¸›à¸´à¸”à¸à¸²à¸£à¸¡à¸­à¸‡à¹€à¸«à¹‡à¸™ #brazilian #slowed #typ 
https://www.tiktok.com/@ness_opo/video/7274855925918240005,2023-09-04 09:36:30,25,2514,187,5,3,17,
https://www.tiktok.com/@ness_opo/video/7274744810286697734,2023-09-04 02:25:22,25,6698,407,3,3,61,ğŸ˜ˆğŸ˜ˆğŸ˜ˆğŸ˜ˆ#typ #slowed #brazilian #à¸­à¸¢à¹ˆà¸²à¸›à¸´à¸”à¸à¸²à¸£à¸¡à¸­à¸‡à¹€à¸«à¹‡à¸™ #tending #top #musica #sdx_bass #viral #viral #funk #phonk #ness_opo #brazil #NesSğŸ§ğŸµ #ğŸ§ #TikTok #TikTok #aveeplayer #bassboosong #headphones #foryou 
https://www.tiktok.com/@ness_opo/video/7274367594348449029,2023-09-03 02:01:34,60,26500,2163,1,9,298,ğŸ‘¿ğŸ˜ˆğŸ‘¿ğŸ˜ˆ#headphones #bassboosong #aveeplayer #TikTok #ğŸ§ #NesSğŸ§ğŸµ #NesSğŸ§ğŸµ #brazil #ness_opo #phonk ##funk#viral #sdx_bass #musica #top #tending #à¸­à¸¢à¹ˆà¸²à¸›à¸´à¸”à¸à¸²à¸£à¸¡à¸­à¸‡à¹€à¸«à¹‡à¸™  #brazilian #slowed #typ 
https://www.tiktok.com/@ness_opo/video/7273700985753685253,2023-09-01 06:54:47,60,6478,196,3,3,28,
https://www.tiktok.com/@ness_opo/video/7273459023838530821,2023-08-31 15:15:49,89,2547,133,2,1,25,#NesSğŸ§ğŸµ #ğŸ§ #TikTok #aveeplayer #bassboosong #headphones 
https://www.tiktok.com/@ness_opo/video/7273097530924141829,2023-08-30 15:53:03,89,1657,69,6,1,8,ğŸ˜¢ğŸ˜¢ğŸ˜¢ğŸ˜¢#à¸­à¸¢à¹ˆà¸²à¸›à¸´à¸”à¸à¸²à¸£à¸¡à¸­à¸‡à¹€à¸«à¹‡à¸™ #tending #top #musica #sdx_bass #viral #typ #slowed #brazilian #foryou #funk #phonk #ness_opo #brazil #TikTok #ğŸ§ #NesSğŸ§ğŸµ 
https://www.tiktok.com/@ness_opo/video/7272978552834755846,2023-08-30 08:11:23,60,1783,108,1,3,10,ğŸ˜ğŸ˜ğŸ˜ğŸ˜#foryou #brazilian ##slowed #typ #viral #sdx_bass #musica #top #tending #à¸­à¸¢à¹ˆà¸²à¸›à¸´à¸”à¸à¸²à¸£à¸¡à¸­à¸‡à¹€à¸«à¹‡à¸™ 
https://www.tiktok.com/@ness_opo/video/7272727694532480261,2023-08-29 15:57:53,60,2717,123,4,1,16,à¹à¸—à¹‡à¸à¸«à¸¡à¸”à¹„à¸¡à¹ˆà¸ªà¸™à¸¥à¸¹à¸à¹„à¸„à¸£#aveeplayer #bassboosong #headphones #NesSğŸ§ğŸµ #ğŸ§ #TikTok #ness_opo #brazil #phonk #phonk #funk #à¸­à¸¢à¹ˆà¸²à¸›à¸´à¸”à¸à¸²à¸£à¸¡à¸­à¸‡à¹€à¸«à¹‡à¸™ #tending #top #musica #sdx_bass #viral #typ #slowed #brazilian #foryou 
https://www.tiktok.com/@ness_opo/video/7272643587056176389,2023-08-29 10:31:31,91,1734,99,9,2,18,ğŸ‘¿ğŸ˜ˆğŸ‘¿ğŸ˜ˆğŸ‘¿ğŸ˜ˆğŸ‘¿â¡ï¸ğŸ”¥ğŸ”¥ğŸ”¥ğŸ”¥ğŸ”¥ğŸ”¥ğŸ”¥#foryou #brazilian #slowed #typ #viral #sdx_bass #musica #top #tending #à¸­à¸¢à¹ˆà¸²à¸›à¸´à¸”à¸à¸²à¸£à¸¡à¸­à¸‡à¹€à¸«à¹‡à¸™ #funk #phonk #brazil #ness_opo #TikTok #ğŸ§ #NesSğŸ§ğŸµ #headphones #bassboosong #aveeplayer 
https://www.tiktok.com/@ness_opo/video/7272525173042056454,2023-08-29 02:52:03,91,29300,2008,7,13,405,#à¸­à¸¢à¹ˆà¸²à¸›à¸´à¸”à¸à¸²à¸£à¸¡à¸­à¸‡à¹€à¸«à¹‡à¸™ #tending #top #musica ##sdx_bass #viral #typ #slowed #brazilian #foryou 
https://www.tiktok.com/@ness_opo/video/7271960645602430213,2023-08-27 14:21:20,25,1941,132,5,1,24,ğŸ˜ˆğŸ‘¿ğŸ˜ˆğŸ‘¿ğŸ˜ˆğŸ‘¿#aveeplayer #bassboosong #headphones #NesSğŸ§ğŸµ #ğŸ§ #TikTok #ness_opo #brazil #funk #phonk #foryou #brazilian #slowed #typ #viral #sdx_bass #musica #top #tending #à¸­à¸¢à¹ˆà¸²à¸›à¸´à¸”à¸à¸²à¸£à¸¡à¸­à¸‡à¹€à¸«à¹‡à¸™ 
https://www.tiktok.com/@ness_opo/video/7271959552143215878,2023-08-27 14:17:06,61,1568,88,7,1,15,ğŸ‡¹ğŸ‡­ğŸ‡¹ğŸ‡­#brazil #ness_opo #TikTok #ğŸ§ #NesSğŸ§ğŸµ #headphones #bassboosong #aveeplayer 
https://www.tiktok.com/@ness_opo/video/7271830985363229958,2023-08-27 05:58:12,61,1204,45,0,0,6,
https://www.tiktok.com/@ness_opo/video/7271646115865349381,2023-08-26 18:00:48,27,1779,88,1,1,7,#à¸­à¸¢à¹ˆà¸²à¸›à¸´à¸”à¸à¸²à¸£à¸¡à¸­à¸‡à¹€à¸«à¹‡à¸™ #aveeplayer #bassboosong #headphones #tending #top #musica #sdx_bass #viral #typ #slowed #brazilian #foryou #phonk #funk #NesSğŸ§ğŸµ #ğŸ§ #TikTok #ness_opo #brazil @P. 
https://www.tiktok.com/@ness_opo/video/7271644381008973061,2023-08-26 17:54:04,25,1486,89,2,1,8,ğŸ‘¿ğŸ˜ˆğŸ‘¿â¡ï¸ğŸ”¥ğŸŒ¡ï¸ğŸŒ¡ï¸ğŸ”¥ğŸ”¥ğŸ”¥#ness_opo #TikTok #ğŸ§ #NesSğŸ§ğŸµ #funk #phonk #foryou #brazilian #slowed #typ #viral #sdx_bass #musica #top #tending #headphones #bassboosong #aveeplayer #à¸­à¸¢à¹ˆà¸²à¸›à¸´à¸”à¸à¸²à¸£à¸¡à¸­à¸‡à¹€à¸«à¹‡à¸™ 
https://www.tiktok.com/@ness_opo/video/7271508502068169990,2023-08-26 09:06:49,66,6400,242,2,9,45,ğŸ‘¿ğŸ‘¿â¡ï¸ğŸ”¥ğŸ”¥ğŸ”¥ğŸŒ¡ï¸#aveeplayer #bassboosong #headphones #tending #top #musica #ness_opo #NesSğŸ§ğŸµ #ğŸ§#brazil #sdx_bass #viral #typ #slowed #brazilian #foryou #phonk #funk #TikTok #ness_opo 
https://www.tiktok.com/@ness_opo/video/7271245305918541062,2023-08-25 16:05:27,25,1425,83,8,1,14,
https://www.tiktok.com/@ness_opo/video/7271243384633806086,2023-08-25 15:57:59,25,2255,214,1,0,28,ğŸ˜ˆğŸ˜ˆğŸ˜ˆ#ğŸ§ #NesSğŸ§ğŸµ #ness_opo #musica #top #tending #headphones #bassboosong #aveeplayer 
https://www.tiktok.com/@ness_opo/video/7270885745554984197,2023-08-24 16:50:12,93,1725,103,2,1,15,@P. @NUEKI @â˜… @MusicğŸ”¥â¤ï¸ @ğŸ§ESğŸ§ @DomiX ğŸµğŸ§ ##TikTok #funk #phonk #foryou #brazilian #slowed #typ #viral #aveeplayer #bassboosong #sdx_bass #brazil #à¸­à¸¢à¹ˆà¸²à¸›à¸´à¸”à¸à¸²à¸£à¸¡à¸­à¸‡à¹€à¸«à¹‡à¸™ #headphones #tending #top #musica #ness_opo #NesSğŸ§ğŸµ #ğŸ§ 
https://www.tiktok.com/@ness_opo/video/7270520485383884038,2023-08-23 17:12:48,25,1912,129,2,3,21,#NesSğŸ§ğŸµ #ness_opo #musica #top #tending #headphones #à¸­à¸¢à¹ˆà¸²à¸›à¸´à¸”à¸à¸²à¸£à¸¡à¸­à¸‡à¹€à¸«à¹‡à¸™ #brazil #sdx_bass #bassboosong #aveeplayer #viral #typ ##slowed #brazilian #brazilian #foryou #phonk #funk #TikTok 
https://www.tiktok.com/@ness_opo/video/7269759153499819270,2023-08-21 15:58:25,62,1788,104,2,1,11,ğŸ”¥ğŸŒ—ğŸ˜¢ğŸŒ—ğŸŒ’ğŸ¤£ğŸ‘¿ğŸ‘¿ğŸ§ğŸ‘¿ğŸ¤¨ğŸµğŸ¤¨ğŸ¤¨ğŸ§ğŸ¤¨ğŸ’€ğŸ˜‚ğŸ¤£ğŸ”¥ğŸŒğŸ˜¶ğŸ¥°ğŸ˜¶#TikTok #funk #foryou #phonk #ğŸ§ #brazilian #slowed #typ #viral #aveeplayer ##bassboosong #sdx_bass #brazil #à¸­à¸¢à¹ˆà¸²à¸›à¸´à¸”à¸à¸²à¸£à¸¡à¸­à¸‡à¹€à¸«à¹‡à¸™ #headphones #tending #top #musica #ness_opo #NesSğŸ§ğŸµ 
https://www.tiktok.com/@ness_opo/video/7269543003377683717,2023-08-21 01:59:40,60,1489,76,0,1,7,ğŸ’€ğŸ’€ğŸ§ğŸµ#NesSğŸ§ğŸµ #ness_opo #musica #top #tending #headphones #à¸­à¸¢à¹ˆà¸²à¸›à¸´à¸”à¸à¸²à¸£à¸¡à¸­à¸‡à¹€à¸«à¹‡à¸™ #brazil #sdx_bass #bassboosong #aveeplayer #viral #typ #slowed #ğŸ§ #brazilian #phonk #foryou #funk #TikTok 
https://www.tiktok.com/@ness_opo/video/7269412993937509638,2023-08-20 17:35:08,25,1583,83,1,1,13,ğŸ’€ğŸ’€ğŸ’€ğŸ˜ˆğŸ˜ˆğŸ‘¿ğŸ‘¿#TikTok #funk #foryou #phonk #brazilian #ğŸ§ #slowed #typ #viral #ness_opo #aveeplayer #bassboosong #sdx_bass #brazil #à¸­à¸¢à¹ˆà¸²à¸›à¸´à¸”à¸à¸²à¸£à¸¡à¸­à¸‡à¹€à¸«à¹‡à¸™ #headphones #tending #top #musica #NesSğŸ§ğŸµ 
https://www.tiktok.com/@ness_opo/video/7269204577440910598,2023-08-20 04:06:25,58,1657,97,0,0,14,ğŸ§ğŸ§ğŸµğŸµ#NesSğŸ§ğŸµ #musica #top #tending #headphones #à¸­à¸¢à¹ˆà¸²à¸›à¸´à¸”à¸à¸²à¸£à¸¡à¸­à¸‡à¹€à¸«à¹‡à¸™ #brazil #sdx_bass #bassboosong #aveeplayer #ness_opo #viral #typ #slowed #ğŸ§ #brazilian #phonk #foryou #funk #TikTok 
https://www.tiktok.com/@ness_opo/video/7268495498460499205,2023-08-18 06:14:48,60,7578,371,7,6,57,#NesSğŸ§ğŸµ 
https://www.tiktok.com/@ness_opo/video/7268456757066845445,2023-08-18 03:44:28,60,107300,12200,62,75,1639,à¸­à¹‰à¸²à¸¢à¸à¹‡...#ğŸ§ #brazilian #funk #funk #TikTok #foryou #phonk #brazilian #ğŸ§ #slowed #typ #viral #ness_opo #aveeplayer #bassboosong #sdx_bass #brazil #à¸­à¸¢à¹ˆà¸²à¸›à¸´à¸”à¸à¸²à¸£à¸¡à¸­à¸‡à¹€à¸«à¹‡à¸™ #headphones #tending #top #musica #NesSğŸ§ğŸµ 
https://www.tiktok.com/@ness_opo/video/7268077067537943813,2023-08-17 03:11:05,73,1623,76,2,0,10,
https://www.tiktok.com/@ness_opo/video/7267767769653841157,2023-08-16 07:10:50,73,1972,96,2,0,8,ğŸŒ”ğŸ”¥ğŸ¥´ğŸ”¥ğŸ¤£ğŸš´ğŸ˜¢â¡ï¸ğŸŒ’ğŸ’€ğŸŒšğŸµğŸªğŸªğŸŒ—ğŸ¤£ğŸŒ”ğŸ¤£ğŸš´#NesSğŸ§ğŸµ #musica #top #tending #headphones #à¸­à¸¢à¹ˆà¸²à¸›à¸´à¸”à¸à¸²à¸£à¸¡à¸­à¸‡à¹€à¸«à¹‡à¸™ #brazil #sdx_bass #bassboosong #aveeplayer #ness_opo #viral #typ #slowed #phonk #foryou #TikTok #funk #funk #brazilian #ğŸ§ 
https://www.tiktok.com/@ness_opo/video/7267736444045774086,2023-08-16 05:09:18,75,1491,74,2,0,6,
https://www.tiktok.com/@ness_opo/video/7267211827493227781,2023-08-14 19:13:30,75,1632,68,1,0,7,ğŸ§ğŸ§ğŸ§ğŸµğŸµğŸ’€ğŸ’€@P. #ğŸ§ #brazilian #funk #TikTok #foryou #phonk #slowed #typ #viral #ness_opo #aveeplayer #bassboosong #sdx_bass #brazil #brazil #à¸­à¸¢à¹ˆà¸²à¸›à¸´à¸”à¸à¸²à¸£à¸¡à¸­à¸‡à¹€à¸«à¹‡à¸™ #headphones #tending #top #musica #NesSğŸ§ğŸµ 
https://www.tiktok.com/@ness_opo/video/7267062490926828805,2023-08-14 09:34:02,60,1657,84,2,7,12,
https://www.tiktok.com/@ness_opo/video/7266865684548766982,2023-08-13 20:50:18,60,2244,108,2,0,19,ğŸ§ğŸ˜‚ğŸ¥°ğŸŒšğŸ¥°ğŸ˜¢ğŸ¥°ğŸ˜ğŸŒğŸ§ğŸ”¥#ness_opo #NesSğŸ§ğŸµ #musica #top #tending #headphones #à¸­à¸¢à¹ˆà¸²à¸›à¸´à¸”à¸à¸²à¸£à¸¡à¸­à¸‡à¹€à¸«à¹‡à¸™ #brazil #sdx_bass #bassboosong #aveeplayer #ness_opo #viral #typ #slowed #phonk #foryou #TikTok #funk #funk #brazilian #ğŸ§ 
https://www.tiktok.com/@ness_opo/video/7266683573296532741,2023-08-13 09:03:37,59,7574,387,7,5,88,#ğŸ§ #brazilian #funk #TikTok #foryou #phonk #slowed #typ #viral #aveeplayer #bassboosong #sdx_bass #brazil #à¸­à¸¢à¹ˆà¸²à¸›à¸´à¸”à¸à¸²à¸£à¸¡à¸­à¸‡à¹€à¸«à¹‡à¸™ #headphones #tending #top #musica #NesSğŸ§ğŸµ #ness_opo 
https://www.tiktok.com/@ness_opo/video/7266466497587907845,2023-08-12 19:01:15,30,1650,94,0,1,12,
https://www.tiktok.com/@ness_opo/video/7266234598265326854,2023-08-12 04:01:22,49,4470,311,5,1,40,ğŸ§ğŸŒ’ğŸŒ”ğŸ¤¨ğŸŒšğŸ˜±ğŸŒ”ğŸµğŸ’€ğŸ‰ğŸ˜¶ğŸŒ”â˜¹ï¸#ness_opo #NesSğŸ§ğŸµ #musica #top #tending #headphones #à¸­à¸¢à¹ˆà¸²à¸›à¸´à¸”à¸à¸²à¸£à¸¡à¸­à¸‡à¹€à¸«à¹‡à¸™ #brazil #sdx_bass #bassboosong #aveeplayer ##viral #typ #slowed #phonk #foryou #TikTok #funk #brazilian #ğŸ§ 
https://www.tiktok.com/@ness_opo/video/7266094070315977989,2023-08-11 18:56:03,101,1671,67,2,2,13,
https://www.tiktok.com/@ness_opo/video/7265848845941165318,2023-08-11 03:04:28,101,4448,257,0,2,33,à¸Šà¸§à¸™à¹à¸¡à¹ˆà¸£à¸³#brazilian #funk #TikTok #foryou #phonk #slowed #typ #viral ##aveeplayer #bassboosong #sdx_bass #brazil #à¸­à¸¢à¹ˆà¸²à¸›à¸´à¸”à¸à¸²à¸£à¸¡à¸­à¸‡à¹€à¸«à¹‡à¸™ #headphones #tending #top #musica #NesSğŸ§ğŸµ #ness_opo #
https://www.tiktok.com/@ness_opo/video/7265827999897881862,2023-08-11 01:43:33,20,2034,120,2,0,13,
https://www.tiktok.com/@ness_opo/video/7265666491075415301,2023-08-10 15:16:49,40,8866,634,3,7,70,#ness_opo #NesSğŸ§ğŸµ #musica #top #tending #headphones #à¸­à¸¢à¹ˆà¸²à¸›à¸´à¸”à¸à¸²à¸£à¸¡à¸­à¸‡à¹€à¸«à¹‡à¸™ #brazil #sdx_bass #bassboosong #aveeplayer #ğŸ§ #viral #typ #slowed #phonk #foryou #TikTok #funk #brazilian 
https://www.tiktok.com/@ness_opo/video/7265527906422525189,2023-08-10 06:19:03,40,331100,28500,135,349,5278,#à¸Ÿà¸µà¸”à¸”à¸”à¸”à¸”à¸”à¸”à¸”à¸”à¸”ğŸ¥º #à¸Ÿà¸µà¸” #brazilian #funk #TikTok #foryou #phonk ##slowed #typ #viral #ğŸ§ #aveeplayer #bassboosong #sdx_bass #brazil #à¸­à¸¢à¹ˆà¸²à¸›à¸´à¸”à¸à¸²à¸£à¸¡à¸­à¸‡à¹€à¸«à¹‡à¸™ #headphones #tending #top #musica #NesSğŸ§ğŸµ #ness_opo 
https://www.tiktok.com/@ness_opo/video/7265468629649493254,2023-08-10 02:29:01,20,2098,89,0,0,15,
https://www.tiktok.com/@ness_opo/video/7265326908475280645,2023-08-09 17:19:05,20,1749,83,1,0,9,#musica #top #tending #headphones #à¸­à¸¢à¹ˆà¸²à¸›à¸´à¸”à¸à¸²à¸£à¸¡à¸­à¸‡à¹€à¸«à¹‡à¸™ #brazil #sdx_bass #bassboosong #aveeplayer #ğŸ§ ##viral #typ #slowed #phonk #foryou #TikTok #funk #brazilian #à¸Ÿà¸µà¸” #à¸Ÿà¸µà¸”à¸”à¸”à¸”à¸”à¸”à¸”à¸”à¸”à¸”ğŸ¥º 
https://www.tiktok.com/@ness_opo/video/7264939340764105990,2023-08-08 16:15:05,60,8778,768,2,3,70,only men will understand#phonk #slowed #typ #viral #ğŸ§ #aveeplayer #bassboosong #sdx_bass #brazil #à¸­à¸¢à¹ˆà¸²à¸›à¸´à¸”à¸à¸²à¸£à¸¡à¸­à¸‡à¹€à¸«à¹‡à¸™ #headphones #tending #top #musica #
https://www.tiktok.com/@ness_opo/video/7264561881417846022,2023-08-07 15:50:22,25,9638,312,2,1,41,ğŸ’€ğŸ’€ğŸ’€ğŸ’€#à¸Ÿà¸µà¸”à¸”à¸”à¸”à¸”à¸”à¸”à¸”à¸”à¸”ğŸ¥º #à¸Ÿà¸µà¸” #brazilian #funk #TikTok #foryou #musica #top #tending #headphones #à¸­à¸¢à¹ˆà¸²à¸›à¸´à¸”à¸à¸²à¸£à¸¡à¸­à¸‡à¹€à¸«à¹‡à¸™ #brazil #sdx_bass #bassboosong #aveeplayer #ğŸ§ #viral #typ #slowed #phonk 
https://www.tiktok.com/@ness_opo/video/7264358173182577925,2023-08-07 02:39:52,15,28600,1872,9,27,320,#phonk #slowed #typ #viral #ğŸ§ #aveeplayer #bassboosong #sdx_bass #brazil #à¸­à¸¢à¹ˆà¸²à¸›à¸´à¸”à¸à¸²à¸£à¸¡à¸­à¸‡à¹€à¸«à¹‡à¸™ #headphones #tending #top #musica #foryou #TikTok #funk #brazilian #à¸Ÿà¸µà¸” #à¸Ÿà¸µà¸”à¸”à¸”à¸”à¸”à¸”à¸”à¸”à¸”à¸”ğŸ¥º 
https://www.tiktok.com/@ness_opo/video/7264215852910791942,2023-08-06 17:27:36,29,62300,3748,25,30,597,ğŸ˜â˜¹ï¸ğŸ˜â˜¹ï¸ğŸŒ“ğŸ˜¶ğŸ˜‘ğŸ¤£ğŸŒ”ğŸŒğŸ‰ğŸŒ—ğŸŒ’ğŸŒš#sdx_bass #bassboosong #aveeplayer #ğŸ§ #viral #typ #slowed #phonk 
https://www.tiktok.com/@ness_opo/video/7264214075603832069,2023-08-06 17:20:42,29,8155,477,6,2,56,ğŸ˜¶ğŸ˜ğŸ˜‚ğŸ˜‘ğŸ˜±ğŸ§ğŸ¤¨â¡ï¸ğŸŒ‘ğŸ”¥ğŸ˜ğŸŒ“ğŸ§ğŸ§â¡ï¸ğŸ˜â˜¹ï¸ğŸ¥´#à¸Ÿà¸µà¸”à¸”à¸”à¸”à¸”à¸”à¸”à¸”à¸”à¸”ğŸ¥º #à¸Ÿà¸µà¸” #brazilian #funk #TikTok #foryou #musica #top #tending #headphones #à¸­à¸¢à¹ˆà¸²à¸›à¸´à¸”à¸à¸²à¸£à¸¡à¸­à¸‡à¹€à¸«à¹‡à¸™ #brazil #phonk #slowed #typ #viral #ğŸ§ #aveeplayer #bassboosong #sdx_bass 
https://www.tiktok.com/@ness_opo/video/7263640806089575686,2023-08-05 04:16:08,25,13100,634,5,12,85,ğŸ˜±ğŸ§ğŸ§ğŸ’€ğŸ˜±ğŸŒğŸ’€ğŸ˜±ğŸŒšğŸŒš#funk #TikTok #TikTok #foryou #musica #top #tending #headphones #à¸­à¸¢à¹ˆà¸²à¸›à¸´à¸”à¸à¸²à¸£à¸¡à¸­à¸‡à¹€à¸«à¹‡à¸™ #brazil #phonk #slowed #typ #viral #ğŸ§ #aveeplayer #bassboosong #sdx_bass 
https://www.tiktok.com/@ness_opo/video/7263474112234867973,2023-08-04 17:29:16,80,23900,1814,8,11,300,â˜¹ï¸ğŸŒğŸŒ•ğŸŒğŸŒğŸŒ—ğŸŒ’ğŸªğŸŒšğŸŒğŸŒ“ğŸŒ‘ğŸ‰â¡ï¸ğŸ’€ğŸŒ#à¸­à¸¢à¹ˆà¸²à¸›à¸´à¸”à¸à¸²à¸£à¸¡à¸­à¸‡à¹€à¸«à¹‡à¸™ #headphones #tending #top #musica #foryou #TikTok #brazilian #funk 
https://www.tiktok.com/@ness_opo/video/7262915403616242950,2023-08-03 05:21:12,60,9974,422,1,2,50,ğŸ˜µğŸ’€ğŸ’€ğŸ˜µğŸ™ƒâ¡ï¸ğŸ¥´â¡ï¸ğŸŒ˜ğŸŒğŸŒ˜ğŸªğŸŒ—ğŸªğŸ”¥ğŸŒ#à¸Ÿà¸µà¸” #sdx_bass #bassboosong #aveeplayer #ğŸ§ #viral #typ #slowed #phonk #brazil #funk #brazilian #TikTok #foryou #musica #top #tending #headphones #à¸­à¸¢à¹ˆà¸²à¸›à¸´à¸”à¸à¸²à¸£à¸¡à¸­à¸‡à¹€à¸«à¹‡à¸™ 
https://www.tiktok.com/@ness_opo/video/7262653192150715653,2023-08-02 12:23:44,60,12000,416,5,7,52,ğŸ˜±ğŸ§ğŸ’€ğŸ‰ğŸ”¥ğŸŒğŸŒğŸŒğŸªğŸŒ‘ğŸŒ’ğŸŒ“ğŸŒ”ğŸŒ•ğŸŒ—ğŸŒ—ğŸŒ˜ğŸŒšğŸŒš#tending #top #musica #foryou #TikTok #brazilian #funk #brazil #phonk #slowed #typ #viral #ğŸ§ #aveeplayer #bassboosong #sdx_bass #à¸Ÿà¸µà¸” 
https://www.tiktok.com/@ness_opo/video/7262377945719672070,2023-08-01 18:35:34,18,12100,848,4,9,116,ğŸ”¥ğŸ˜±ğŸ§ğŸ’€ğŸ‰ğŸ‰#sdx_bass #headphones #bassboosong #aveeplayer #ğŸ§ #viral #typ #slowed #phonk #brazil #funk #brazilian #TikTok #foryou #musica #top #tending 
https://www.tiktok.com/@ness_opo/video/7262350261941718278,2023-08-01 16:48:08,10,10300,627,1,5,86,ğŸ”¥ğŸ˜±ğŸ§ğŸ’€#tending #top #à¸Ÿà¸µà¸”à¸”à¸”à¸”à¸”à¸”à¸”à¸”à¸”à¸”ğŸ¥º #musica #foryou #TikTok #brazilian #funk #brazil #phonk #slowed #typ #viral #ğŸ§ #aveeplayer #à¸­à¸¢à¹ˆà¸²à¸›à¸´à¸”à¸à¸²à¸£à¸¡à¸­à¸‡à¹€à¸«à¹‡à¸™ #à¸Ÿà¸µà¸” #bassboosong #headphones #sdx_bass 
https://www.tiktok.com/@ness_opo/video/7262276554791636230,2023-08-01 12:02:09,24,8996,534,3,5,47,ğŸ’€ğŸ’€ğŸ˜±#brazil #funk #brazilian #TikTok #foryou #musica #à¸Ÿà¸µà¸”à¸”à¸”à¸”à¸”à¸”à¸”à¸”à¸”à¸”ğŸ¥º #top #tending 
https://www.tiktok.com/@ness_opo/video/7262187284261391621,2023-08-01 06:15:43,25,13100,656,4,12,97,ğŸ’€ğŸ’€ğŸ˜±ğŸ˜±#sdx_bass #headphones #bassboosong #à¸Ÿà¸µà¸” #à¸­à¸¢à¹ˆà¸²à¸›à¸´à¸”à¸à¸²à¸£à¸¡à¸­à¸‡à¹€à¸«à¹‡à¸™ #aveeplayer #ğŸ§ #viral #typ #slowed #phonk #tending #top #à¸Ÿà¸µà¸”à¸”à¸”à¸”à¸”à¸”à¸”à¸”à¸”à¸”ğŸ¥º #musica #foryou #TikTok #brazilian #funk #brazil 
https://www.tiktok.com/@ness_opo/video/7261573114541182213,2023-07-30 14:32:26,17,17100,595,7,19,94,ğŸ’€ğŸ§#brazil #funk #brazilian #TikTok #foryou #musica #à¸Ÿà¸µà¸”à¸”à¸”à¸”à¸”à¸”à¸”à¸”à¸”à¸”ğŸ¥º #top #tending #tending #phonk #slowed #typ #viral #ğŸ§ #aveeplayer #à¸­à¸¢à¹ˆà¸²à¸›à¸´à¸”à¸à¸²à¸£à¸¡à¸­à¸‡à¹€à¸«à¹‡à¸™ #à¸Ÿà¸µà¸” #bassboosong #headphones #sdx_bass 
https://www.tiktok.com/@ness_opo/video/7261266903023291653,2023-07-29 18:44:09,50,4324,156,5,2,20,ğŸ’€ğŸ’€ğŸ§ğŸ§#sdx_bass #headphones #bassboosong #à¸Ÿà¸µà¸” #à¸Ÿà¸µà¸” #à¸­à¸¢à¹ˆà¸²à¸›à¸´à¸”à¸à¸²à¸£à¸¡à¸­à¸‡à¹€à¸«à¹‡à¸™ #aveeplayer #ğŸ§ #viral #typ #slowed #phonk #tending #top #à¸Ÿà¸µà¸”à¸”à¸”à¸”à¸”à¸”à¸”à¸”à¸”à¸”ğŸ¥º #musica #foryou #TikTok #brazilian #brazilian #funk #brazil 
https://www.tiktok.com/@ness_opo/video/7261187642845449477,2023-07-29 13:36:36,20,4810,244,3,12,42,ğŸ§ğŸ§#ğŸ§ #aveeplayer #à¸­à¸¢à¹ˆà¸²à¸›à¸´à¸”à¸à¸²à¸£à¸¡à¸­à¸‡à¹€à¸«à¹‡à¸™ ##à¸Ÿà¸µà¸” #bassboosong #headphones #sdx_bass 
https://www.tiktok.com/@ness_opo/video/7260833523731352838,2023-07-28 14:42:26,17,4386,222,0,2,46,ğŸ§ğŸ§#sdx_bass #bassboosong #à¸Ÿà¸µà¸” #à¸­à¸¢à¹ˆà¸²à¸›à¸´à¸”à¸à¸²à¸£à¸¡à¸­à¸‡à¹€à¸«à¹‡à¸™ #aveeplayer #ğŸ§ 
https://www.tiktok.com/@ness_opo/video/7260525516837473542,2023-07-27 18:47:13,60,3962,170,5,8,40,
https://www.tiktok.com/@ness_opo/video/7260102361023040773,2023-07-26 15:25:08,23,3603,153,4,3,25,#à¸Ÿà¸µà¸”à¸”à¸”à¸”à¸”à¸”à¸”à¸”à¸”à¸”ğŸ¥º #musica #foryou #TikTok #brazilian #funk #brazil 
https://www.tiktok.com/@ness_opo/video/7259908586829106438,2023-07-26 02:53:13,15,9158,539,2,7,91,ğŸ’€ğŸ’€ğŸ§ğŸµ#sdx_bass #bassboosong #à¸Ÿà¸µà¸” #à¸Ÿà¸µà¸” #à¸­à¸¢à¹ˆà¸²à¸›à¸´à¸”à¸à¸²à¸£à¸¡à¸­à¸‡à¹€à¸«à¹‡à¸™ #aveeplayer #ğŸ§ #headphones #viral #typ #slowed #phonk #tending #top #brazil #funk #brazilian #TikTok #foryou #musica #à¸Ÿà¸µà¸”à¸”à¸”à¸”à¸”à¸”à¸”à¸”à¸”à¸”ğŸ¥º 
https://www.tiktok.com/@ness_opo/video/7259758643975851269,2023-07-25 17:11:20,18,4515,188,4,7,37,ğŸ§ğŸµğŸµ#à¸Ÿà¸µà¸”à¸”à¸”à¸”à¸”à¸”à¸”à¸”à¸”à¸”ğŸ¥º #musica #foryou #TikTok #brazilian #funk #brazil #top #tending #phonk #slowed #typ #viral #headphones #ğŸ§ #ğŸ§ #aveeplayer #à¸­à¸¢à¹ˆà¸²à¸›à¸´à¸”à¸à¸²à¸£à¸¡à¸­à¸‡à¹€à¸«à¹‡à¸™ #à¸Ÿà¸µà¸” #bassboosong #sdx_bass 
https://www.tiktok.com/@ness_opo/video/7259613366795111686,2023-07-25 07:47:36,18,2856,110,2,3,26,
https://www.tiktok.com/@ness_opo/video/7259531623555779845,2023-07-25 02:30:25,18,2865,150,0,2,27,ğŸ˜ˆğŸ‘‘#sdx_bass #bassboosong #à¸Ÿà¸µà¸” #à¸­à¸¢à¹ˆà¸²à¸›à¸´à¸”à¸à¸²à¸£à¸¡à¸­à¸‡à¹€à¸«à¹‡à¸™ #aveeplayer #ğŸ§ #headphones #viral #typ #typ #slowed #phonk #tending #top #brazil #funk #brazilian #TikTok #foryou #musica #à¸Ÿà¸µà¸”à¸”à¸”à¸”à¸”à¸”à¸”à¸”à¸”à¸”ğŸ¥º 
https://www.tiktok.com/@ness_opo/video/7259260317102869765,2023-07-24 08:57:37,25,2609,113,5,1,20,#à¸Ÿà¸µà¸”à¸”à¸”à¸”à¸”à¸”à¸”à¸”à¸”à¸”ğŸ¥º #musica #foryou #TikTok #brazilian #funk #brazil #top #tending #phonk #slowed #typ #viral #headphones #ğŸ§ #aveeplayer #à¸­à¸¢à¹ˆà¸²à¸›à¸´à¸”à¸à¸²à¸£à¸¡à¸­à¸‡à¹€à¸«à¹‡à¸™ #à¸Ÿà¸µà¸” #bassboosong #sdx_bass 
https://www.tiktok.com/@ness_opo/video/7259254411858447622,2023-07-24 08:34:40,29,2540,133,4,4,25,#sdx_bass #bassboosong #à¸Ÿà¸µà¸” #à¸­à¸¢à¹ˆà¸²à¸›à¸´à¸”à¸à¸²à¸£à¸¡à¸­à¸‡à¹€à¸«à¹‡à¸™ #aveeplayer #ğŸ§ #headphones #viral #typ #slowed #phonk #tending #top #brazil #funk #brazilian #TikTok #foryou #musica #à¸Ÿà¸µà¸”à¸”à¸”à¸”à¸”à¸”à¸”à¸”à¸”à¸”ğŸ¥º 
https://www.tiktok.com/@ness_opo/video/7258835423668079877,2023-07-23 05:28:47,60,2438,123,10,5,29,ğŸ˜ˆğŸ˜ˆ#à¸Ÿà¸µà¸”à¸”à¸”à¸”à¸”à¸”à¸”à¸”à¸”à¸”ğŸ¥º #musica #foryou ##TikTok #brazilian #funk #brazil #top #tending #phonk #slowed #typ #viral #headphones #ğŸ§ #aveeplayer #à¸­à¸¢à¹ˆà¸²à¸›à¸´à¸”à¸à¸²à¸£à¸¡à¸­à¸‡à¹€à¸«à¹‡à¸™ #à¸Ÿà¸µà¸” #bassboosong #sdx_bass 
https://www.tiktok.com/@ness_opo/video/7258560645811932421,2023-07-22 11:42:32,36,2240,96,4,1,16,ğŸ˜±ğŸ˜±ğŸ˜±#sdx_bass #bassboosong #à¸Ÿà¸µà¸” #à¸­à¸¢à¹ˆà¸²à¸›à¸´à¸”à¸à¸²à¸£à¸¡à¸­à¸‡à¹€à¸«à¹‡à¸™ #aveeplayer #ğŸ§ #headphones #viral #typ #slowed #phonk #tending #top #brazil #TikTok #funk #brazilian #foryou #musica #à¸Ÿà¸µà¸”à¸”à¸”à¸”à¸”à¸”à¸”à¸”à¸”à¸”ğŸ¥º 
https://www.tiktok.com/@ness_opo/video/7258448705978748166,2023-07-22 04:28:09,26,2359,131,3,5,22,ğŸ’¸ğŸ’¸ğŸ’¹ğŸ’¹ğŸ’µğŸ’µğŸ¤‘ğŸ¤‘#viral #headphones #ğŸ§ #aveeplayer #à¸­à¸¢à¹ˆà¸²à¸›à¸´à¸”à¸à¸²à¸£à¸¡à¸­à¸‡à¹€à¸«à¹‡à¸™ #à¸Ÿà¸µà¸” #bassboosong #sdx_bass 
https://www.tiktok.com/@ness_opo/video/7258412886102461701,2023-07-22 02:09:09,24,2079,73,0,0,15,#à¸Ÿà¸µà¸”à¸”à¸”à¸”à¸”à¸”à¸”à¸”à¸”à¸”ğŸ¥º #musica #bassboosong #foryou #brazilian #funk #TikTok #brazil #top #tending #phonk #sdx_bass #slowed #typ #à¸Ÿà¸µà¸” #à¸­à¸¢à¹ˆà¸²à¸›à¸´à¸”à¸à¸²à¸£à¸¡à¸­à¸‡à¹€à¸«à¹‡à¸™ #aveeplayer #ğŸ§ #headphones #viral 
https://www.tiktok.com/@ness_opo/video/7258253069719260421,2023-07-21 15:48:56,16,2566,137,1,9,33,à¸­à¸´à¸­à¸´#headphones #aveeplayer #ğŸ§ #à¸­à¸¢à¹ˆà¸²à¸›à¸´à¸”à¸à¸²à¸£à¸¡à¸­à¸‡à¹€à¸«à¹‡à¸™ #à¸Ÿà¸µà¸” #typ #slowed #sdx_bass #phonk #tending #top #brazil #TikTok #funk #brazilian #foryou #bassboosong #musica #à¸Ÿà¸µà¸”à¸”à¸”à¸”à¸”à¸”à¸”à¸”à¸”à¸”ğŸ¥º 
https://www.tiktok.com/@ness_opo/video/7258203732083625222,2023-07-21 12:37:30,18,1872,72,2,0,18,#à¸Ÿà¸µà¸”à¸”à¸”à¸”à¸”à¸”à¸”à¸”à¸”à¸”ğŸ¥º #musica #bassboosong #foryou #brazilian #funk #TikTok #brazil #top #tending #viral #phonk #sdx_bass #slowed #typ #à¸Ÿà¸µà¸” #à¸­à¸¢à¹ˆà¸²à¸›à¸´à¸”à¸à¸²à¸£à¸¡à¸­à¸‡à¹€à¸«à¹‡à¸™ #ğŸ§ #aveeplayer #headphones 
https://www.tiktok.com/@ness_opo/video/7258197216773426438,2023-07-21 12:12:13,13,2115,109,4,2,28,#headphones #aveeplayer #ğŸ§ #à¸­à¸¢à¹ˆà¸²à¸›à¸´à¸”à¸à¸²à¸£à¸¡à¸­à¸‡à¹€à¸«à¹‡à¸™ #à¸Ÿà¸µà¸” #typ #slowed #sdx_bass #phonk #viral #tending #top #brazil #TikTok #funk #brazilian #foryou #bassboosong #musica #à¸Ÿà¸µà¸”à¸”à¸”à¸”à¸”à¸”à¸”à¸”à¸”à¸”ğŸ¥º 
https://www.tiktok.com/@ness_opo/video/7258141408895307013,2023-07-21 08:35:40,55,1535,83,0,0,16,#à¸Ÿà¸µà¸”à¸”à¸”à¸”à¸”à¸”à¸”à¸”à¸”à¸”ğŸ¥º #musica #bassboosong #foryou #brazilian #funk #TikTok #brazil #top #tending #viral #phonk #sdx_bass #slowed #typ #à¸Ÿà¸µà¸” #à¸­à¸¢à¹ˆà¸²à¸›à¸´à¸”à¸à¸²à¸£à¸¡à¸­à¸‡à¹€à¸«à¹‡à¸™ #ğŸ§ #aveeplayer #headphones 
https://www.tiktok.com/@ness_opo/video/7258136661559725318,2023-07-21 08:17:14,14,1533,88,1,0,13,#headphones #aveeplayer #ğŸ§ #à¸­à¸¢à¹ˆà¸²à¸›à¸´à¸”à¸à¸²à¸£à¸¡à¸­à¸‡à¹€à¸«à¹‡à¸™ #à¸Ÿà¸µà¸” #typ #slowed #sdx_bass #viral #phonk #tending #top #brazil #TikTok #funk #brazilian #foryou #bassboosong #musica #à¸Ÿà¸µà¸”à¸”à¸”à¸”à¸”à¸”à¸”à¸”à¸”à¸”ğŸ¥º 
https://www.tiktok.com/@ness_opo/video/7258102735239744774,2023-07-21 06:05:36,35,1623,81,2,1,20,ğŸ˜±ğŸ§ğŸ‘¸#à¸Ÿà¸µà¸”à¸”à¸”à¸”à¸”à¸”à¸”à¸”à¸”à¸”ğŸ¥º #musica #bassboosong #foryou #brazilian #funk #TikTok #brazil #top #tending #phonk #viral #sdx_bass #slowed #typ #à¸Ÿà¸µà¸” #à¸­à¸¢à¹ˆà¸²à¸›à¸´à¸”à¸à¸²à¸£à¸¡à¸­à¸‡à¹€à¸«à¹‡à¸™ #ğŸ§ #aveeplayer #headphones 
https://www.tiktok.com/@ness_opo/video/7258075811700280581,2023-07-21 04:21:06,55,1146,46,0,2,13,
https://www.tiktok.com/@ness_opo/video/7258039126648196358,2023-07-21 01:58:45,14,1492,64,4,0,11,â¡ï¸ğŸ§â¬…ï¸#à¸Ÿà¸µà¸”à¸”à¸”à¸”à¸”à¸”à¸”à¸”à¸”à¸”ğŸ¥º #musica #bassboosong #foryou #brazilian #funk #TikTok #brazil #top #tending #phonk #viral #slowed #sdx_bass #typ #à¸Ÿà¸µà¸” #à¸­à¸¢à¹ˆà¸²à¸›à¸´à¸”à¸à¸²à¸£à¸¡à¸­à¸‡à¹€à¸«à¹‡à¸™ #ğŸ§ #aveeplayer #headphones 
https://www.tiktok.com/@ness_opo/video/7257746159484079366,2023-07-20 07:01:53,54,1631,95,1,3,23,#headphones #aveeplayer #ğŸ§ #à¸­à¸¢à¹ˆà¸²à¸›à¸´à¸”à¸à¸²à¸£à¸¡à¸­à¸‡à¹€à¸«à¹‡à¸™ #à¸Ÿà¸µà¸” #typ #sdx_bass #slowed #viral #phonk #tending #top #brazil #TikTok #funk #brazilian #foryou #bassboosong #musica #à¸Ÿà¸µà¸”à¸”à¸”à¸”à¸”à¸”à¸”à¸”à¸”à¸”ğŸ¥º 
https://www.tiktok.com/@ness_opo/video/7257689021827042566,2023-07-20 03:20:10,59,1349,83,2,2,14,#à¸Ÿà¸µà¸”à¸”à¸”à¸”à¸”à¸”à¸”à¸”à¸”à¸”ğŸ¥º #musica #bassboosong #foryou #brazilian #funk #TikTok #brazil #top #tending #phonk #viral #slowed #sdx_bass #typ #à¸Ÿà¸µà¸” #à¸­à¸¢à¹ˆà¸²à¸›à¸´à¸”à¸à¸²à¸£à¸¡à¸­à¸‡à¹€à¸«à¹‡à¸™ #à¸­à¸¢à¹ˆà¸²à¸›à¸´à¸”à¸à¸²à¸£à¸¡à¸­à¸‡à¹€à¸«à¹‡à¸™ #ğŸ§ #aveeplayer #headphones 
https://www.tiktok.com/@ness_opo/video/7257513780307905797,2023-07-19 16:00:07,10,2171,110,2,2,23,#typ #sdx_bass #slowed #viral #phonk #tending #top #brazil #TikTok #funk #brazilian #foryou #bassboosong #musica #à¸Ÿà¸µà¸”à¸”à¸”à¸”à¸”à¸”à¸”à¸”à¸”à¸”ğŸ¥º 
https://www.tiktok.com/@ness_opo/video/7257322881229606150,2023-07-19 03:39:22,84,1292,62,1,4,17,
https://www.tiktok.com/@ness_opo/video/7256930303334223110,2023-07-18 02:15:58,60,27500,1125,17,39,208,ğŸ—¿ğŸ‘‘#headphones #aveeplayer #ğŸ§ #à¸­à¸¢à¹ˆà¸²à¸›à¸´à¸”à¸à¸²à¸£à¸¡à¸­à¸‡à¹€à¸«à¹‡à¸™ #à¸Ÿà¸µà¸” #à¸Ÿà¸µà¸”à¸”à¸”à¸”à¸”à¸”à¸”à¸”à¸”à¸”ğŸ¥º #musica #bassboosong #foryou #brazilian #funk #TikTok #brazil #top #tending #phonk #viral #slowed #sdx_bass #typ 
https://www.tiktok.com/@ness_opo/video/7256662790281235718,2023-07-17 08:57:52,34,1440,64,2,2,17,#headphones #
https://www.tiktok.com/@ness_opo/video/7256441385098824966,2023-07-16 18:38:42,14,2605,135,8,0,25,+ğŸ—¿ or +ğŸ˜ˆ#bassboosong #musica ##à¸Ÿà¸µà¸”à¸”à¸”à¸”à¸”à¸”à¸”à¸”à¸”à¸”ğŸ¥º #à¸Ÿà¸µà¸” #à¸­à¸¢à¹ˆà¸²à¸›à¸´à¸”à¸à¸²à¸£à¸¡à¸­à¸‡à¹€à¸«à¹‡à¸™ #ğŸ§ #aveeplayer #headphones 
https://www.tiktok.com/@ness_opo/video/7256434525335522565,2023-07-16 18:12:04,14,1388,69,2,2,16,#typ #sdx_bass #slowed #viral #phonk #tending #aveeplayer #headphones #top #brazil #TikTok #funk #brazilian #foryou #ğŸ§ #à¸­à¸¢à¹ˆà¸²à¸›à¸´à¸”à¸à¸²à¸£à¸¡à¸­à¸‡à¹€à¸«à¹‡à¸™ #à¸Ÿà¸µà¸” #à¸Ÿà¸µà¸”à¸”à¸”à¸”à¸”à¸”à¸”à¸”à¸”à¸”ğŸ¥º #musica #bassboosong 
https://www.tiktok.com/@ness_opo/video/7256083788059413766,2023-07-15 19:31:02,27,1590,77,2,4,17,
https://www.tiktok.com/@ness_opo/video/7255812328019627270,2023-07-15 01:57:38,27,1457,57,2,0,15,#ğŸ§ #top #brazil #TikTok #funk #funk #brazilian #foryou #à¸­à¸¢à¹ˆà¸²à¸›à¸´à¸”à¸à¸²à¸£à¸¡à¸­à¸‡à¹€à¸«à¹‡à¸™ #à¸Ÿà¸µà¸” #à¸Ÿà¸µà¸”à¸”à¸”à¸”à¸”à¸”à¸”à¸”à¸”à¸”ğŸ¥º #typ #sdx_bass #slowed #viral #phonk #tending #aveeplayer #headphones #musica #bassboosong 
https://www.tiktok.com/@ness_opo/video/7255292560682536198,2023-07-13 16:20:39,24,1832,122,2,2,26,?/10 ğŸ˜ˆğŸ‘‘#bassboosong #musica #headphones #aveeplayer #tending #phonk #viral #slowed #sdx_bass #typ #à¸Ÿà¸µà¸”à¸”à¸”à¸”à¸”à¸”à¸”à¸”à¸”à¸”ğŸ¥º #à¸Ÿà¸µà¸” #à¸­à¸¢à¹ˆà¸²à¸›à¸´à¸”à¸à¸²à¸£à¸¡à¸­à¸‡à¹€à¸«à¹‡à¸™ #foryou #brazilian #funk #TikTok #brazil #top #ğŸ§ 
https://www.tiktok.com/@ness_opo/video/7255079627004071174,2023-07-13 02:34:23,26,73700,4835,7,10,639,#ğŸ§ #top #brazil #TikTok #funk #brazilian #foryou #à¸­à¸¢à¹ˆà¸²à¸›à¸´à¸”à¸à¸²à¸£à¸¡à¸­à¸‡à¹€à¸«à¹‡à¸™ #à¸Ÿà¸µà¸” #à¸Ÿà¸µà¸”à¸”à¸”à¸”à¸”à¸”à¸”à¸”à¸”à¸”ğŸ¥º #typ #sdx_bass #slowed #viral #phonk #phonk #tending #aveeplayer #headphones #musica #bassboosong 
https://www.tiktok.com/@ness_opo/video/7254911298964589830,2023-07-12 15:41:09,70,1662,90,4,0,12,#bassboosong ##musica #headphones #aveeplayer #tending #phonk #viral #slowed #sdx_bass #typ #à¸Ÿà¸µà¸”à¸”à¸”à¸”à¸”à¸”à¸”à¸”à¸”à¸”ğŸ¥º #à¸Ÿà¸µà¸” #à¸­à¸¢à¹ˆà¸²à¸›à¸´à¸”à¸à¸²à¸£à¸¡à¸­à¸‡à¹€à¸«à¹‡à¸™ #foryou #brazilian #funk #TikTok #brazil #brazil #top #ğŸ§ 
https://www.tiktok.com/@ness_opo/video/7254900084922404101,2023-07-12 14:57:39,10,1703,81,0,0,13,#ğŸ§ #top #brazil #TikTok #funk #brazilian #foryou #à¸­à¸¢à¹ˆà¸²à¸›à¸´à¸”à¸à¸²à¸£à¸¡à¸­à¸‡à¹€à¸«à¹‡à¸™ #à¸Ÿà¸µà¸” #à¸Ÿà¸µà¸”à¸”à¸”à¸”à¸”à¸”à¸”à¸”à¸”à¸”ğŸ¥º #typ #sdx_bass #slowed #viral #phonk #tending #aveeplayer #headphones #musica #bassboosong @P. @TikTok 
https://www.tiktok.com/@ness_opo/video/7254534019801484549,2023-07-11 15:17:07,28,1575,104,4,5,18,#bassboosong #musica #headphones #aveeplayer #tending #phonk #viral #slowed #sdx_bass #typ #à¸Ÿà¸µà¸”à¸”à¸”à¸”à¸”à¸”à¸”à¸”à¸”à¸”ğŸ¥º #à¸Ÿà¸µà¸” #à¸­à¸¢à¹ˆà¸²à¸›à¸´à¸”à¸à¸²à¸£à¸¡à¸­à¸‡à¹€à¸«à¹‡à¸™ #foryou #brazilian #funk #funk #TikTok #brazil #top #ğŸ§ 
https://www.tiktok.com/@ness_opo/video/7254001949165604102,2023-07-10 04:52:27,28,1477,100,4,3,17,#viral #phonk #tending #aveeplayer #headphones #musica #bassboosong 
https://www.tiktok.com/@ness_opo/video/7253350551692397830,2023-07-08 10:44:43,19,1426,75,0,2,13,#headphones #aveeplayer #tending #phonk #viral 
https://www.tiktok.com/@ness_opo/video/7253318390444576006,2023-07-08 08:39:54,30,1175,58,0,1,8,#slowed #bassboosong #musica #viral #phonk #tending #aveeplayer #headphones 
https://www.tiktok.com/@ness_opo/video/7253251321833311493,2023-07-08 04:19:38,70,2068,146,1,4,22,ğŸ˜ˆğŸ‘‘#ğŸ§ #top #brazil #TikTok #funk #brazilian #foryou #à¸­à¸¢à¹ˆà¸²à¸›à¸´à¸”à¸à¸²à¸£à¸¡à¸­à¸‡à¹€à¸«à¹‡à¸™ #à¸Ÿà¸µà¸” #à¸Ÿà¸µà¸”à¸”à¸”à¸”à¸”à¸”à¸”à¸”à¸”à¸”ğŸ¥º #typ #sdx_bass #headphones #aveeplayer #tending #phonk #viral #musica #bassboosong #slowed 
https://www.tiktok.com/@ness_opo/video/7253059813658332421,2023-07-07 15:56:28,20,1249,68,0,2,15,#funk #TikTok #brazil #top #ğŸ§ 
https://www.tiktok.com/@ness_opo/video/7252317201590504710,2023-07-05 15:54:45,20,1274,75,4,3,16,#typ #à¸Ÿà¸µà¸”à¸”à¸”à¸”à¸”à¸”à¸”à¸”à¸”à¸”ğŸ¥º #à¸Ÿà¸µà¸” #à¸­à¸¢à¹ˆà¸²à¸›à¸´à¸”à¸à¸²à¸£à¸¡à¸­à¸‡à¹€à¸«à¹‡à¸™ #foryou #brazilian #ğŸ§ #funk #TikTok #brazil #top #
https://www.tiktok.com/@ness_opo/video/7252315569423158533,2023-07-05 15:48:24,20,1034,39,0,0,9,ğŸ’€ğŸ’€#funk #ğŸ§ #brazilian #foryou #à¸­à¸¢à¹ˆà¸²à¸›à¸´à¸”à¸à¸²à¸£à¸¡à¸­à¸‡à¹€à¸«à¹‡à¸™ #à¸Ÿà¸µà¸” #à¸Ÿà¸µà¸”à¸”à¸”à¸”à¸”à¸”à¸”à¸”à¸”à¸”ğŸ¥º #typ 
https://www.tiktok.com/@ness_opo/video/7251952831383555334,2023-07-04 16:20:48,45,1685,93,0,4,19,à¹€à¸›à¸´à¸”à¹à¸ªà¸‡à¹ƒà¸«à¹‰à¸ªà¸¸à¸”#à¸Ÿà¸µà¸”à¸”à¸”à¸”à¸”à¸”à¸”à¸”à¸”à¸”ğŸ¥º #slowed #bassboosong #musica #viral #phonk #tending #aveeplayer #headphones #headphones #sdx_bass #top #brazil #TikTok #à¸Ÿà¸µà¸” #à¸­à¸¢à¹ˆà¸²à¸›à¸´à¸”à¸à¸²à¸£à¸¡à¸­à¸‡à¹€à¸«à¹‡à¸™ #typ #foryou #brazilian #ğŸ§ #funk @TikTok @TikTok en espaÃ±ol 
https://www.tiktok.com/@ness_opo/video/7251528325481368837,2023-07-03 12:53:31,28,1262,74,1,1,11,#TikTok #brazil #top #sdx_bass #headphones #aveeplayer #tending #phonk #viral #musica #bassboosong #slowed #à¸Ÿà¸µà¸”à¸”à¸”à¸”à¸”à¸”à¸”à¸”à¸”à¸”ğŸ¥º 
https://www.tiktok.com/@ness_opo/video/7251163704832593158,2023-07-02 13:18:34,13,2187,132,1,1,23,our kingğŸ‘‘#funk #ğŸ§ #brazilian #foryou #typ #à¸­à¸¢à¹ˆà¸²à¸›à¸´à¸”à¸à¸²à¸£à¸¡à¸­à¸‡à¹€à¸«à¹‡à¸™ #à¸Ÿà¸µà¸” #à¸Ÿà¸µà¸”à¸”à¸”à¸”à¸”à¸”à¸”à¸”à¸”à¸”ğŸ¥º #slowed #bassboosong #bassboosong #musica #viral #phonk #tending #aveeplayer #headphones #sdx_bass #top #brazil #TikTok 
https://www.tiktok.com/@ness_opo/video/7251026737423846661,2023-07-02 04:27:07,27,1228,66,0,2,15,#TikTok #brazil #top #sdx_bass #ğŸ§ #headphones #aveeplayer #tending #viral #viral #phonk #musica #bassboosong #slowed #à¸Ÿà¸µà¸”à¸”à¸”à¸”à¸”à¸”à¸”à¸”à¸”à¸”ğŸ¥º #à¸Ÿà¸µà¸” #à¸­à¸¢à¹ˆà¸²à¸›à¸´à¸”à¸à¸²à¸£à¸¡à¸­à¸‡à¹€à¸«à¹‡à¸™ #typ #foryou #brazilian #funk 
https://www.tiktok.com/@ness_opo/video/7250983811138194694,2023-07-02 01:40:31,26,1161,56,0,1,9,ğŸ“²ğŸ”ˆğŸ”‰ğŸ”ŠğŸ’€ğŸ§#funk #brazilian #foryou #typ #à¸­à¸¢à¹ˆà¸²à¸›à¸´à¸”à¸à¸²à¸£à¸¡à¸­à¸‡à¹€à¸«à¹‡à¸™ #à¸Ÿà¸µà¸” #à¸Ÿà¸µà¸”à¸”à¸”à¸”à¸”à¸”à¸”à¸”à¸”à¸”ğŸ¥º #slowed #bassboosong #musica #phonk #viral #tending #aveeplayer #headphones #ğŸ§ #sdx_bass #top #brazil #TikTok 
https://www.tiktok.com/@ness_opo/video/7250834559401561350,2023-07-01 16:01:21,19,1280,62,1,1,8,ğŸ˜ˆğŸ˜ˆ#TikTok #brazil #top #sdx_bass #ğŸ§ #headphones #aveeplayer #tending #viral #phonk #musica #bassboosong #slowed #à¸Ÿà¸µà¸”à¸”à¸”à¸”à¸”à¸”à¸”à¸”à¸”à¸”ğŸ¥º #à¸Ÿà¸µà¸” #à¸­à¸¢à¹ˆà¸²à¸›à¸´à¸”à¸à¸²à¸£à¸¡à¸­à¸‡à¹€à¸«à¹‡à¸™ #typ #foryou #brazilian #funk 
https://www.tiktok.com/@ness_opo/video/7250515606502493446,2023-06-30 19:23:38,12,1397,67,1,2,7,
https://www.tiktok.com/@ness_opo/video/7250507676994604294,2023-06-30 18:52:52,24,1086,49,3,1,9,#funk #brazilian #foryou #typ #à¸­à¸¢à¹ˆà¸²à¸›à¸´à¸”à¸à¸²à¸£à¸¡à¸­à¸‡à¹€à¸«à¹‡à¸™ #à¸Ÿà¸µà¸” #à¸Ÿà¸µà¸”à¸”à¸”à¸”à¸”à¸”à¸”à¸”à¸”à¸”ğŸ¥º #slowed #bassboosong #musica #phonk #viral #tending #aveeplayer #headphones #ğŸ§ #sdx_bass #top #brazil #TikTok 
https://www.tiktok.com/@ness_opo/video/7250493690521652486,2023-06-30 17:58:35,19,1129,52,2,0,6,#TikTok #brazil #top #sdx_bass #ğŸ§ #headphones #aveeplayer #tending #viral #phonk #musica #bassboosong #slowed #à¸Ÿà¸µà¸”à¸”à¸”à¸”à¸”à¸”à¸”à¸”à¸”à¸”ğŸ¥º #à¸Ÿà¸µà¸” #à¸­à¸¢à¹ˆà¸²à¸›à¸´à¸”à¸à¸²à¸£à¸¡à¸­à¸‡à¹€à¸«à¹‡à¸™ #typ #foryou #brazilian #funk 
https://www.tiktok.com/@ness_opo/video/7249606823815187717,2023-06-28 08:37:07,46,1220,74,0,0,10,#musica #bassboosong #slowed #à¸Ÿà¸µà¸”à¸”à¸”à¸”à¸”à¸”à¸”à¸”à¸”à¸”ğŸ¥º #à¸Ÿà¸µà¸” #à¸­à¸¢à¹ˆà¸²à¸›à¸´à¸”à¸à¸²à¸£à¸¡à¸­à¸‡à¹€à¸«à¹‡à¸™ #typ #foryou #brazilian #brazilian #brazilian #funk #aveeplayer #headphones #TikTok #ğŸ§ 
https://www.tiktok.com/@ness_opo/video/7249530116924001542,2023-06-28 03:39:27,10,1089,43,0,0,6,
https://www.tiktok.com/@ness_opo/video/7249529718209465605,2023-06-28 03:37:55,11,1029,52,1,0,9,
https://www.tiktok.com/@ness_opo/video/7249131024666365190,2023-06-27 01:50:47,38,873,35,1,0,10,#foryou #typ #à¸­à¸¢à¹ˆà¸²à¸›à¸´à¸”à¸à¸²à¸£à¸¡à¸­à¸‡à¹€à¸«à¹‡à¸™ #à¸Ÿà¸µà¸” #à¸Ÿà¸µà¸”à¸”à¸”à¸”à¸”à¸”à¸”à¸”à¸”à¸”ğŸ¥º #slowed #bassboosong #musica 
https://www.tiktok.com/@ness_opo/video/7248460004557180166,2023-06-25 06:26:52,40,1117,54,7,7,12,top5#songs #brazil #top #sdx_bass #tending #viral #phonk #TikTok #headphones #aveeplayer #funk #brazilian #musica #bassboosong #slowed #à¸Ÿà¸µà¸”à¸”à¸”à¸”à¸”à¸”à¸”à¸”à¸”à¸”ğŸ¥º #à¸Ÿà¸µà¸” #à¸­à¸¢à¹ˆà¸²à¸›à¸´à¸”à¸à¸²à¸£à¸¡à¸­à¸‡à¹€à¸«à¹‡à¸™ #typ #foryou @TikTok 
https://www.tiktok.com/@ness_opo/video/7248406761709866246,2023-06-25 03:00:18,26,916,34,5,1,8,ğŸ§ğŸ¤ğŸ’€ğŸ‘#foryou #typ #à¸­à¸¢à¹ˆà¸²à¸›à¸´à¸”à¸à¸²à¸£à¸¡à¸­à¸‡à¹€à¸«à¹‡à¸™ #à¸Ÿà¸µà¸” #à¸Ÿà¸µà¸”à¸”à¸”à¸”à¸”à¸”à¸”à¸”à¸”à¸”ğŸ¥º #slowed #bassboosong #musica #brazilian #funk #aveeplayer #headphones #TikTok #phonk #viral #tending #sdx_bass #top #brazil #songs @TikTok 
https://www.tiktok.com/@ness_opo/video/7248259083113975045,2023-06-24 17:27:12,11,1072,67,0,1,13,#funk #brazilian #musica #slowed #bassboosong #slowed #à¸Ÿà¸µà¸”à¸”à¸”à¸”à¸”à¸”à¸”à¸”à¸”à¸”ğŸ¥º #à¸Ÿà¸µà¸” #à¸­à¸¢à¹ˆà¸²à¸›à¸´à¸”à¸à¸²à¸£à¸¡à¸­à¸‡à¹€à¸«à¹‡à¸™ #typ #foryou 
https://www.tiktok.com/@ness_opo/video/7248207075380071685,2023-06-24 14:05:21,46,856,41,0,0,8,Thank you for 2000 followersğŸ™ğŸ™#à¸Ÿà¸µà¸”à¸”à¸”à¸”à¸”à¸”à¸”à¸”à¸”à¸”ğŸ¥º #à¸Ÿà¸µà¸” #à¸­à¸¢à¹ˆà¸²à¸›à¸´à¸”à¸à¸²à¸£à¸¡à¸­à¸‡à¹€à¸«à¹‡à¸™ #typ #TikTok #headphones #aveeplayer #bassboosong #slowed #musica #brazilian #funk 
https://www.tiktok.com/@ness_opo/video/7247896485033970949,2023-06-23 18:00:07,11,1227,92,1,0,20,ğŸ—¿ğŸ¤ğŸ’€ğŸµğŸ‘#bassboosong #aveeplayer #headphones #TikTok #typ #à¸­à¸¢à¹ˆà¸²à¸›à¸´à¸”à¸à¸²à¸£à¸¡à¸­à¸‡à¹€à¸«à¹‡à¸™ #à¸Ÿà¸µà¸” #à¸Ÿà¸µà¸”à¸”à¸”à¸”à¸”à¸”à¸”à¸”à¸”à¸”ğŸ¥º @TikTok 
https://www.tiktok.com/@ness_opo/video/7247528111422737670,2023-06-22 18:10:38,60,715,27,3,0,6,
https://www.tiktok.com/@ness_opo/video/7247382006579858693,2023-06-22 08:43:40,27,992,41,0,0,6,ğŸ§ğŸ’€ğŸ¤ğŸ—¿ğŸ§#bassboosted #music #speedsongs #bassboosong #songs #brazil #top #sdx_bass #tending #viral #foryou #phonk #headphones #funk #aveeplayer #brazilian #musica #slowed #TikTok #typ #à¸­à¸¢à¹ˆà¸²à¸›à¸´à¸”à¸à¸²à¸£à¸¡à¸­à¸‡à¹€à¸«à¹‡à¸™ #à¸Ÿà¸µà¸” #à¸Ÿà¸µà¸”à¸”à¸”à¸”à¸”à¸”à¸”à¸”à¸”à¸”ğŸ¥º 
https://www.tiktok.com/@ness_opo/video/7247353134568295685,2023-06-22 06:51:42,10,263700,18000,39,338,3157,ğŸ¤ğŸ’€ğŸµğŸ§#à¸­à¸¢à¹ˆà¸²à¸›à¸´à¸”à¸à¸²à¸£à¸¡à¸­à¸‡à¹€à¸«à¹‡à¸™ #fyp#typ #TikTok #slowed #musica #brazilian #aveeplayer #funk #headphones #phonk #foryou #viral #tending #sdx_bass #top@TikTok  #brazil #songs #bassboosong #speedsongs #music #bassboosted 
https://www.tiktok.com/@ness_opo/video/7247107545633082630,2023-06-21 14:58:37,70,668,34,0,0,6,ğŸ—¿ğŸ¤ğŸ’€ğŸ§#à¸­à¸¢à¹ˆà¸²à¸›à¸´à¸”à¸à¸²à¸£à¸¡à¸­à¸‡à¹€à¸«à¹‡à¸™ #song #bassboosted #speedsongs #music #music #speedsongs #bassboosong #songs #brazil #top #brazil #top #sdx_bass #tending #viral #foryou #phonk #headphones #funk #aveeplayer #brazilian #brazilian #musica #slowed #TikTok #TikTok #typ 
https://www.tiktok.com/@ness_opo/video/7246777146998377734,2023-06-20 17:36:32,65,624,27,1,0,6,
https://www.tiktok.com/@ness_opo/video/7246545758097394949,2023-06-20 02:38:39,53,656,26,0,0,7,
https://www.tiktok.com/@ness_opo/video/7246392314535464197,2023-06-19 16:43:09,46,826,37,1,0,6,Please don't mute me ğŸ¥º#typ #TikTok #slowed #musica #aveeplayer #funk #brazilian #headphones #phonk #foryou #viral #tending #sdx_bass #top #brazil #songs #music #speedsongs #bassboosted #song @TikTok @P. @TikTok en espaÃ±ol @Trihoof 
https://www.tiktok.com/@ness_opo/video/7246011034937396486,2023-06-18 16:03:35,10,1041,33,0,0,8,#brazilian #funk #aveeplayer #musica #slowed #TikTok @TikTok #typ 
https://www.tiktok.com/@ness_opo/video/7245544071148653829,2023-06-17 09:51:33,26,1289,50,1,0,7,#fyp #à¸­à¸¢à¹ˆà¸²à¸›à¸´à¸”à¸à¸²à¸£à¸¡à¸­à¸‡à¹€à¸«à¹‡à¸™ #song #bassboosted #speedsongs #music #songs #brazil #top #sdx_bass #tending #viral #foryou #phonk #headphones #TikTok #slowed #musica #aveeplayer #funk #brazilian @TikTok @P. 
https://www.tiktok.com/@ness_opo/video/7245518244323298565,2023-06-17 08:11:22,122,496,7,0,0,0,
https://www.tiktok.com/@ness_opo/video/7245448120216161542,2023-06-17 03:39:14,122,431,10,0,0,1,
https://www.tiktok.com/@ness_opo/video/7245204990434888965,2023-06-16 11:55:45,168,417,8,1,0,1,
https://www.tiktok.com/@ness_opo/video/7244751892906085638,2023-06-15 06:37:30,26,1147,68,2,1,9,ğŸ”ˆğŸ”‰ğŸ”ŠğŸ“²#song #bassboosted #speedsongs #music #songs #brazil #top #sdx_bass #tending #viral #foryou #phonk #headphones #TikTok #slowed #musica #aveeplayer #funk #brazilian #ğŸ§ @TikTok @TikTok en espaÃ±ol @P. @Time Avee 
https://www.tiktok.com/@ness_opo/video/7244704396695719173,2023-06-15 03:33:16,26,1269,64,1,1,5,ğŸ”ˆğŸ”‰ğŸ”ŠğŸ“²#ğŸ§ ##brazilian #funk #aveeplayer #musica #slowed #TikTok #headphones #phonk #foryou #viral #tending ##sdx_bass #top #brazil #songs #music #speedsongs #bassboosted #song @TikTok en espaÃ±ol @TikTok @P. 
https://www.tiktok.com/@ness_opo/video/7244690942471556358,2023-06-15 02:41:00,61,1106,57,1,1,9,ğŸ§ğŸ‘ğŸ—¿#best #song #bassboosted #speedsongs #music #songs #brazil #top #sdx_bass #tending #viral #foryou #phonk #headphones #TikTok #slowed #musica #aveeplayer #funk #brazilian @TikTok en espaÃ±ol @TikTok @P. @Trihoof #ğŸ§ 
https://www.tiktok.com/@ness_opo/video/7244560489487928581,2023-06-14 18:14:45,11,1330,60,3,1,10,à¸•à¸­à¸šà¸à¸¥à¸±à¸š @grade447 I hope you are satisfied@TikTok en espaÃ±ol @TikTok #brazilian #funk #aveeplayer #musica #slowed #TikTok #headphones #phonk #foryou #viral #tending #sdx_bass #top #brazil #songs #music #speedsongs #bassboosted #song #best 
https://www.tiktok.com/@ness_opo/video/7244175681259654406,2023-06-13 17:21:30,11,1441,69,2,4,12,I'm a new kid please welcome me I'm delighted#best #song #bassboosted #speedsongs #music #songs #brazil #top #sdx_bass #tending #viral #foryou #phonk #headphones #TikTok #slowed #musica #aveeplayer #funk #brazilian 
https://www.tiktok.com/@ness_opo/video/7244169619173428485,2023-06-13 16:57:58,37,934,52,2,2,8,ğŸ˜ˆğŸ§ğŸ‘#brazilian #funk #aveeplayer #musica #slowed #TikTok #headphones #phonk #foryou #viral #tending #sdx_bass #top #brazil #songs #music #speedsongs #bassboosted #song #best @TikTok @TikTok en espaÃ±ol 
https://www.tiktok.com/@ness_opo/video/7243413033924529414,2023-06-11 16:02:02,71,805,39,18,0,5,ğŸ˜ˆğŸ§#brazilian #funk #aveeplayer #musica #slowed #TikTok #headphones #phonk #foryou #viral #tending #sdx_bass #top #brazil #songs #music #speedsongs #bassboosted #song #best @TikTok en espaÃ±ol @TikTok 
https://www.tiktok.com/@ness_opo/video/7243299288510434566,2023-06-11 08:40:40,59,617,28,1,1,3,please#best ##song #bassboosted #speedsongs #music #songs #brazil #top #sdx_bass #tending #viral #foryou #aveeplayer #phonk #headphones #TikTok #slowed #musica #aveeplayer #funk #brazilian @TikTok en espaÃ±ol @TikTok 
https://www.tiktok.com/@ness_opo/video/7243236487590890757,2023-06-11 04:36:56,28,5838,152,2,6,26,ğŸ“²ğŸ”ˆğŸ”‰ğŸ”ŠğŸ§#brazilian #funk #musica #slowed #TikTok #headphones #phonk #aveeplayer #foryou #viral #tending #sdx_bass #brazil #top #brazil #songs #music #speedsongs #bassboosted #song #best 
https://www.tiktok.com/@ness_opo/video/7242942811190971654,2023-06-10 09:37:19,16,862,33,3,0,8,ğŸ˜ˆğŸ§ğŸ“²ğŸ”ˆğŸ”‰ğŸ”Š#best #song #bassboosted #speedsongs #music #songs #top #brazil #sdx_bass #tending #viral #foryou #aveeplayer #phonk #headphones #TikTok #slowed #musica #funk #funk #brazilian @TikTok en espaÃ±ol @TikTok 
https://www.tiktok.com/@ness_opo/video/7242941011121409286,2023-06-10 09:30:21,19,198200,20200,71,151,2886,Can the kun help welcome newcomers?#brazilian #funk #musica #slowed #TikTok #headphones #phonk #aveeplayer #foryou #viral #viral #tending #sdx_bass #brazil #top #songs #songs #music #speedsongs #bassboosted #song #best 
https://www.tiktok.com/@ness_opo/video/7242647808724028677,2023-06-09 14:32:34,95,600,26,2,1,1,ğŸ§ğŸ§#brazilian #funk #musica #slowed #slowed #TikTok #headphones #phonk #aveeplayer #foryou #viral #tending #sdx_bass #brazil #top #songs #music #speedsongs #bassboosted #song #best 
https://www.tiktok.com/@ness_opo/video/7242477662210477317,2023-06-09 03:32:21,69,474,15,0,0,1,ğŸ¥°ğŸ‘ğŸ¶ğŸµğŸ§#best #song #bassboosted #speedsongs #music #songs #top #brazil #sdx_bass #tending #viral #foryou #aveeplayer #phonk #headphones #TikTok #slowed #musica #funk #brazilian @TikTok en espaÃ±ol @TikTok 
https://www.tiktok.com/@ness_opo/video/7242333056193826053,2023-06-08 18:11:09,62,1916,121,2,3,28,ğŸ§ğŸ¥°ğŸ¥°ğŸ¶ğŸµ#brazilian #funk #musica #slowed #TikTok #headphones #phonk #aveeplayer #foryou #viral #tending #sdx_bass #brazil #top #songs #music #speedsongs #bassboosted #song #best @TikTok en espaÃ±ol @TikTok @à¹‚à¸¡à¸­à¸²à¸¢ 
https://www.tiktok.com/@ness_opo/video/7241984089199348998,2023-06-07 19:37:00,58,35600,1931,11,14,270,ğŸ˜ˆğŸ§ğŸ¶#best #song #bassboosted #speedsongs #music #songs #top #brazil #sdx_bass #tending #tending #viral #foryou #aveeplayer #phonk #headphones #TikTok #slowed #musica #funk #brazilian 
https://www.tiktok.com/@ness_opo/video/7241954440985496837,2023-06-07 17:41:57,13,51100,3029,12,54,547,ğŸ˜ˆğŸ§#brazilian #funk #musica #slowed #headphones #TikTok #headphones #phonk #aveeplayer #foryou #viral #tending #sdx_bass #brazil #top #songs #music #speedsongs #bassboosted #song #best 
https://www.tiktok.com/@ness_opo/video/7241949892615081221,2023-06-07 17:24:17,19,587,23,5,0,5,à¸•à¸­à¸šà¸à¸¥à¸±à¸š @user5053988632525 #best #song ##bassboosted #speedsongs #music #songs #top #brazil #sdx_bass #tending #viral #foryou #foryou #aveeplayer #phonk #TikTok #headphones #slowed #musica #funk #funk #brazilian 
https://www.tiktok.com/@ness_opo/video/7241538739581816070,2023-06-06 14:48:48,12,637,31,1,0,7,à¸•à¸­à¸šà¸à¸¥à¸±à¸š @user5053988632525 You guys can of the song.#brazilian #funk #musica #slowed #headphones #TikTok #phonk #aveeplayer #foryou #viral #tending #sdx_bass #brazil #top #songs #music #speedsongs #bassboosted #song #best 
https://www.tiktok.com/@ness_opo/video/7241536125960047877,2023-06-06 14:38:44,13,761,35,0,0,8,ğŸ˜ˆğŸ§#best #song #bassboosted #speedsongs #music #music #songs #top #brazil #sdx_bass #tending #viral #foryou #aveeplayer #phonk #TikTok #headphones #slowed #musica #funk #brazilian 
https://www.tiktok.com/@ness_opo/video/7241445077166427398,2023-06-06 08:45:22,39,497,24,0,1,4,ğŸ‘ğŸ§ğŸ˜ˆ#brazilian #funk #musica #slowed #headphones #TikTok #phonk #aveeplayer #foryou #viral #tending #sdx_bass #brazil #top #songs #music #speedsongs #bassboosted #song #best 
https://www.tiktok.com/@ness_opo/video/7241386856993148165,2023-06-06 04:59:27,30,446,15,0,0,4,ğŸ‘ğŸ§#best #song #bassboosted #speedsongs #music #songs #top #brazil #sdx_bass #tending #viral #foryou #aveeplayer #phonk #TikTok #headphones #slowed #musica #funk #brazilian 
https://www.tiktok.com/@ness_opo/video/7241225939894471941,2023-06-05 18:34:59,160,501,26,0,0,4,nightcore - unknown brain - inspiration (feat. aviella)#brazilian #funk #musica #slowed #headphones #TikTok #phonk #aveeplayer #foryou #viral #tending #sdx_bass #brazil #top #songs #music #speedsongs #bassboosted #song #song #best @TikTok en espaÃ±ol @TikTok 
https://www.tiktok.com/@ness_opo/video/7241157963245833478,2023-06-05 14:11:13,156,512,24,9,0,2,nightcore - beauz - memories (ft. linney) #best #song #bassboosted #speedsongs #music #songs #top #brazil #sdx_bass #tending #viral #foryou #aveeplayer #phonk #TikTok #headphones #slowed #musica #funk #brazilian @TikTok @TikTok en espaÃ±ol 
https://www.tiktok.com/@ness_opo/video/7241116684424187142,2023-06-05 11:31:02,46,677,49,0,0,7,ğŸ˜ˆğŸ§ğŸŸ¡ğŸ‘#brazilian #funk #musica #slowed #headphones #TikTok #phonk #aveeplayer #foryou #viral #tending #sdx_bass #brazil #top #songs #songs #music #speedsongs #bassboosted #song #best 
https://www.tiktok.com/@ness_opo/video/7241114983864618245,2023-06-05 11:24:26,13,538,31,1,0,4,ğŸ§ğŸ˜ˆğŸŸ¡#best #song #bassboosted #speedsongs #music #songs #top #brazil #sdx_bass #tending #viral #foryou #aveeplayer #phonk #TikTok #slowed #headphones #musica #funk #brazilian 
https://www.tiktok.com/@ness_opo/video/7241109822127623430,2023-06-05 11:04:24,57,598,41,0,0,7,ğŸ§ğŸ˜ˆğŸŸ¡#brazilian #funk #musica #headphones #slowed #TikTok #phonk #aveeplayer #foryou #viral #tending #sdx_bass #brazil #top #songs #music #speedsongs #bassboosted #song #best 
https://www.tiktok.com/@ness_opo/video/7241061560741940485,2023-06-05 07:57:09,48,417,34,0,0,6,ğŸ§ğŸ˜ˆğŸ‘ğŸ˜¬#best #song #bassboosted #speedsongs #music #songs #top #brazil #sdx_bass #tending #viral #foryou #aveeplayer #phonk #TikTok #slowed #headphones #musica #funk #brazilian @TikTok @TikTok en espaÃ±ol 
https://www.tiktok.com/@ness_opo/video/7241033220035284230,2023-06-05 06:07:09,25,537,33,0,0,6,ğŸ§âšªğŸ˜ˆğŸ˜¬#brazilian #funk #musica #headphones #slowed #TikTok #phonk #aveeplayer #foryou #viral #tending #sdx_bass #brazil #top #songs #music #speedsongs #bassboosted #song #best 
https://www.tiktok.com/@ness_opo/video/7241011634636868869,2023-06-05 04:43:23,20,878,46,0,1,8,ğŸ˜ˆğŸ§âšª#best #song #bassboosted #speedsongs #music #songs #top #brazil #sdx_bass #tending #viral #foryou #aveeplayer #phonk #TikTok #slowed #headphones #musica #funk #brazilian 
https://www.tiktok.com/@ness_opo/video/7240994423197224197,2023-06-05 03:36:37,108,210,5,0,0,0,à¸•à¸­à¸šà¸à¸¥à¸±à¸š @banlove205 song : good boy #brazilian #funk #musica #headphones #slowed #TikTok #phonk #aveeplayer #foryou #viral #tending #sdx_bass #brazil #top #songs #music #speedsongs #bassboosted #song #best 
https://www.tiktok.com/@ness_opo/video/7240973254238784774,2023-06-05 02:14:29,46,53900,3095,10,21,478,#best #song #bassboosted #speedsongs #music #songs #top #brazil #sdx_bass #tending #viral #foryou #aveeplayer #phonk #TikTok #slowed #headphones #musica #funk #brazilian @TikTok @TikTok en espaÃ±ol 
https://www.tiktok.com/@ness_opo/video/7240870623570971909,2023-06-04 19:36:11,17,272,11,0,0,2,ğŸ§ğŸ˜ˆâšª#brazilian #funk #musica #headphones #slowed #TikTok #phonk #aveeplayer #foryou #viral #tending #sdx_bass #brazil #top #songs #music #speedsongs #bassboosted #song #best 
https://www.tiktok.com/@ness_opo/video/7240849233287318789,2023-06-04 18:13:10,15,1094,112,0,0,4,ğŸ˜ˆğŸ§ğŸ³ï¸â€ğŸŒˆ#best #song #bassboosted #speedsongs #music #songs #top #brazil #sdx_bass #tending #viral #foryou #aveeplayer #phonk #TikTok #slowed #headphones #musica #funk #brazilian 
https://www.tiktok.com/@ness_opo/video/7240824125428600070,2023-06-04 16:35:44,35,32800,2121,19,14,296,ğŸ§ğŸ˜ˆğŸ³ï¸â€ğŸŒˆ#TikTok #phonk #aveeplayer #foryou #viral #tending #sdx_bass #brazil #top #songs #music #speedsongs #bassboosted #song #best 
https://www.tiktok.com/@ness_opo/video/7240819941467753733,2023-06-04 16:19:29,24,359900,28000,107,305,5462,#music #speedsongs #bassboosted #song #best #brazilian #funk #musica #headphones #slowed #songs #top #brazil #sdx_bass #tending #viral #foryou #aveeplayer #phonk #TikTok @TikTok @TikTok en espaÃ±ol 
https://www.tiktok.com/@ness_opo/video/7240797800949140741,2023-06-04 14:53:35,15,334,13,0,0,2,ğŸ§ğŸ˜ˆğŸŸ¡#phonk_music #foryoupage #fyp #TikTok #phonk #aveeplayer #foryou#viral#tending#sdx_bass#brazil#top#songs#slowed#headphones#musica#funk #brazilian #best #song #bassboosted#speedsongs#music @tiktok @tiktoklatam 
https://www.tiktok.com/@ness_opo/video/7240793281771228421,2023-06-04 14:36:04,59,469,26,0,0,6,ğŸŸ¡ğŸ§ğŸ˜ˆ#aveeplayer #phonk #TikTok #fyp #foryoupage #phonk_music 
https://www.tiktok.com/@ness_opo/video/7240777397732232454,2023-06-04 13:34:24,26,254,12,0,0,0,ğŸ§ğŸ˜ˆğŸŸ¡#phonk_music #foryoupage #fyp #TikTok #phonk #aveeplayer 
https://www.tiktok.com/@ness_opo/video/7240747029549337862,2023-06-04 11:36:34,31,2270,231,2,0,20,ğŸ˜ˆğŸ§ğŸŸ¢#aveeplayer #phonk #TikTok #fyp #foryoupage #phonk_music 
https://www.tiktok.com/@ness_opo/video/7240717289635581189,2023-06-04 09:41:11,149,8311,691,4,7,85,ğŸ˜ˆğŸ§ğŸ˜¬ğŸŸ¢#phonk_music #foryoupage #fyp #TikTok #phonk #aveeplayer 
https://www.tiktok.com/@ness_opo/video/7240646922766142726,2023-06-04 05:08:08,60,504,30,1,1,6,sad juice wrld x XXXTentacion guitar type beat amnesia#aveeplayer #phonk #TikTok #fyp #foryoupage #phonk_music 
https://www.tiktok.com/@ness_opo/video/7240636492987518214,2023-06-04 04:27:39,55,7725,682,2,13,118,ğŸ§ğŸ˜ˆâ¬…ï¸ğŸ¶â¡ï¸ğŸŸ¢#phonk_music #foryoupage #fyp #TikTok #phonk #aveeplayer 
https://www.tiktok.com/@ness_opo/video/7240608112795749637,2023-06-04 02:37:31,20,10400,951,4,7,120,ğŸ§â¬…ï¸ğŸ¶ğŸ¶â¡ï¸#aveeplayer #phonk #TikTok #fyp #foryoupage #phonk_music 
https://www.tiktok.com/@ness_opo/video/7240490013442575621,2023-06-03 18:59:15,15,41900,3323,5,62,611,ğŸ§ğŸ§#phonk_music #foryoupage #fyp #TikTok #phonk #aveeplayer 
https://www.tiktok.com/@ness_opo/video/7240444863131471110,2023-06-03 16:04:00,22,10400,568,1,9,122,ğŸ§ğŸ¶#aveeplayer #phonk #TikTok #fyp #foryoupage #phonk_music 
https://www.tiktok.com/@ness_opo/video/7240423116063640837,2023-06-03 14:39:37,23,6980,382,10,17,67,ğŸ§ğŸ§ğŸ¶#phonk_music #foryoupage #fyp #TikTok #phonk #aveeplayer 
https://www.tiktok.com/@ness_opo/video/7240401564400192794,2023-06-03 13:16:00,25,562200,30100,427,1169,6433,ğŸ§#phonk #TikTok #fyp #phonk_music #foryoupage#phonk_music 
https://www.tiktok.com/@ness_opo/video/7240391282298785050,2023-06-03 12:36:05,14,55400,3566,3,29,645,ğŸ˜ˆğŸ§#aveeplayer #foryoupage #phonk_music #fyp #TikTok #phonk 
https://www.tiktok.com/@ness_opo/video/7240320922140396826,2023-06-03 08:03:06,39,19500,1776,27,35,433,ğŸ§ğŸ˜ˆğŸ§#phonk #TikTok #fyp #phonk_music #foryoupage #aveeplayer 
https://www.tiktok.com/@ness_opo/video/7240273546646244634,2023-06-03 04:59:16,26,24400,1052,2,8,150,song : Sea Of  Problems#aveeplayer #foryoupage #phonk_music #fyp #TikTok #phonk 
https://www.tiktok.com/@ness_opo/video/7240228492929994011,2023-06-03 02:04:27,103,238,7,0,0,1,Are you guys having fun?#aveeplayer #foryoupage #phonk_music #parati #fyp #TikTok #phonk 
https://www.tiktok.com/@ness_opo/video/7240102155451895046,2023-06-02 17:54:07,23,1225,150,0,0,6,
https://www.tiktok.com/@ness_opo/video/7240020426892578054,2023-06-02 12:37:00,24,10400,816,3,9,111,ğŸ§ğŸ’€ğŸ˜ˆ#aveeplayer#foryoupage#phonk_music#parati#fyp#TikTok#phonk
